채용정보,아파트명,근무지,등록일,마감일
동우씨엠(주)전기팀장,센트로팰리스,대구시 중구 대봉로 260(대봉동),2025-07-15,채용시까지
기전과장 구인<긴급>,관음타운,대구 북구 영송로 63,2025-07-15,채용시까지
[나라솔루션]봉덕한라하우젠트 격일제 전기과장 구인공고,봉덕한라하우젠트,대구시 남구 봉덕동 491-7,2025-07-15,채용시까지
(주)굿모닝이엔씨★긴급★관리과장,유천포스코더샵,대구 달서구 달서대로 67,2025-07-14,채용시까지
【상일종합관리】과장 구인(긴급!!!),오페라코오롱하늘채,대구시 북구 중앙대로 540,2025-07-14,2025-07-27
(주)목성엔지니어링** 목성 침산화성파크드림 방재(소방)과장 채용 공고 **,침산화성파크드림,대구광역시 북구 성북로70,2025-07-14,2025-07-21
(주)제산관리팀장,월성e편한세상,대구시 달서구 조암남로 10,2025-07-14,2025-07-18
(주)목성엔지니어링**목성 대우트럼프월드수성 기전(민원)주임 구인공고**,대우트럼프월드수성,대구광역시 수성구 동대구로 59,2025-07-11,2025-07-18
성보티씨에스관리과장,동대구역골드클레스오피스텔,대구시 동구 신암남로 72,2025-07-11,채용시까지
(주)목성엔지니어링** 목성 대실역이편한세상 기전과장 구인공고**,대실역이편한세상,대구 달성군 죽곡 1길 42,2025-07-11,2025-07-18
(주)한국티씨엠관리실장,캐슬골드파크4단지,수성구 황금동,2025-07-11,채용시까지
(주)굿모닝이엔씨관리과장,각산푸르지오2단지,대구광역시 동구 경안로 822,2025-07-11,채용시까지
【상일종합관리】과장 구인,중리롯데캐슬,대구시 서구 국채보상로 34길 12,2025-07-11,2025-07-25
목성엔지니어링시설과장 구인공고,화원한샘타운,대구 달성군 화원읍 사문진로 6길 17,2025-07-10,2025-07-19
자치관리기전과장,노변동서우방타운,대구광역시 수성구 노변공원로 22,2025-07-10,2025-07-15
【상일종합관리】과장 구인,대봉교역금호어울림에듀리버,대구 남구 대봉로30길 12,2025-07-10,2025-07-24
[명성티엠에스]시설과장,동대구 푸르지오 브리센트,대구시 동구 효목로5길 55,2025-07-10,채용시까지
(주)한국티씨엠전기과장 구인,각산태영데시앙,대구 동구 반야월북로 123,2025-07-08,채용시까지
[나라솔루션]시지코오롱하늘채스카이뷰 기전주임 구인공고,시지코오롱하늘채스카이뷰,대구시 수성구 고산로 101,2025-07-08,채용시까지
[동우씨엠(주)]시설책임(전기과장),동우 / 엠월드,대구광역시 서구 문화로 37,2025-07-08,채용시까지
【상일종합관리】소방계장 구인,빌리브프리미어 오피스텔,대구광역시 중구 공평로 6,2025-07-08,채용시까지
(주)목성엔지니어링** 목성 대실역이편한세상 기전과장 구인공고**,대실역이편한세상,대구 달성군 죽곡 1길 42,2025-07-08,2025-07-15
자치관리시설주임(기관주임),수성보성타운,대구 수성구 수성로 412,2025-07-07,채용시까지
[명성티엠에스]시설과장,태왕디아너스 오페라,대구시 북구 고성동1가 162-11번지 일원,2025-07-07,채용시까지
(주)서반플래닝관리소장모집-전기무한선임가능자,대구역 한라하우젠트센트로,대구광역시 중구 태평로 190,2025-07-07,2025-07-14
(주)한국티씨엠기전과장(격일제),강변일성트루엘,북구 침산동,2025-07-07,채용시까지
★자치관리★★기전차장★,신세계타운,대구광역시 수성구 신천동로 320 신세계타운,2025-07-07,2025-07-16
◈(주)한보주택관리◈기전과장 구인,성서삼성한국형아파트,대구 달서구 호산로 126,2025-07-04,채용시까지
코원주식회사시설주임 1명 구인_(급여변경됨),동대구역화성파크드림 오피스텔 및 상가,대구광역시 동구 동대구로 590,2025-07-04,채용시까지
◈(주)한보주택관리◈전기과장 구인,산격양우내안애,대구시 북구 동북로 131,2025-07-04,채용시까지
자치관리기전과장,대덕맨션 2차,대구 남구 앞산순환로 655,2025-07-04,2025-07-09
[동우씨엠(주)]시설책임(과장),침산태왕리더스,대구광역시 북구 침산남로80,2025-07-03,채용시까지
【상일종합관리】소장 구인,빌리브프리미어 오피스텔,대구광역시 중구 공평로 6,2025-07-03,2025-07-17
(주)목성엔지니어링** 목성 침산화성파크드림 방재(소방)과장 채용 공고 **,침산화성파크드림,대구광역시 북구 성북로70,2025-07-03,2025-07-10
(주)목성엔지니어링**목성 대우트럼프월드수성 기전(민원)주임 구인공고**,대우트럼프월드수성,대구광역시 수성구 동대구로 59,2025-07-03,2025-07-10
[동우씨엠(주)]시설주임,동우 / 수성범어W,대구광역시 수성구 달구벌대로2436,2025-07-03,채용시까지
[나라솔루션]봉덕한라하우젠트 격일제 기전과장 구인 공고,봉덕한라하우젠트,대구시 남구 봉덕동 491-7,2025-07-03,채용시까지
남부건업(주)관리과장 구인,더샵거창포르시엘아파트,경남 거창군 거창읍 거열로8길 76,2025-07-02,채용시까지
【상일종합관리】과장 구인,신천LH,대구시 동구 동부로 1,2025-07-02,2025-07-16
★(주)맨투맨써비스★대구역오페라W에서 관리과장님 모십니다.,대구역오페라W,대구광역시 북구 칠성남로50,2025-07-02,채용시까지
◈(주)한보주택관리◈시설기사,서대구역센텀화성파크드림,대구시 서구 평리동 1502-1,2025-07-02,채용시까지
[명성티엠에스]시설과장,북구청역 푸르지오 에듀포레,대구시 북구 침산남로 30,2025-07-02,채용시까지
과장 구인,e편한세상 남산재마루,대구 중구 달구벌대로 2020,2025-07-02,2025-07-16
청하종합개발(주)기전과장,두산위브더제니스센트럴달서,대구시 달서구 본리동 360-3,2025-07-02,2025-07-15
(주)목성엔지니어링**목성 율하휴먼시아6단지 시설기사 구인공고**,율하휴먼시아6단지,대구광역시 동구 안심로16길 45,2025-07-02,2025-07-09
자치관리기전기사(긴급),대구칠곡1차부영아파트,대구 북구 학정동로 7,2025-07-02,채용시까지
[나라솔루션]힐스테이트동인센트럴 기전주임 구인공고,힐스테이트동인센트럴,대구시 중구 동덕로 181,2025-07-01,채용시까지
(주)굿모닝이엔씨기전주임,수성골드클래스더센텀,대구광역시 수성구 수성로 185,2025-07-01,채용시까지
[동우씨엠(주)]시설책임(전기과장),동우 / 녹원맨션,대구 수성구 무학로 189,2025-07-01,채용시까지
전기 주임 또는 과장,장원맨션아파트,대구광역시 수성구 청호로 370,2025-07-01,채용시까지
[동우씨엠(주)]시설책임(전기과정),동우 / 구미 화성파크 프레지던트 1단지,경북 구미시 상모로10길 40(상모동),2025-07-01,채용시까지
자치관리전기과장,삼익뉴타운,대구시 서구 평리로 236,2025-07-01,채용시까지
(주)광명티엠씨전기과장 긴급구인,경산귀빈타운,경산시 대학로 12길 24,2025-07-01,채용시까지
『맨투맨써비스』전기과장 모집,교대역 푸르지오 트레힐즈,대구시 남구 이천로 19길 16,2025-07-01,채용시까지
기전기사 구인,경산서부3차부영아파트,경북 경산시 강변서로 17,2025-07-01,채용시까지
【상일종합관리】2단지 과장 구인 (긴급!!!),서대구영무예다음,대구시 서구 당산로 446,2025-07-01,2025-07-13
자치관리신세계타운기전차장 (급여수정),신세계타운,대구광역시 수성구 신천동로 320,2025-07-01,채용시까지
동우씨엠(주)시설주임 (기계설비유지관리자 '초급' 이상 보유자),시지 청구전원타운,대구시 수성구 시지로 45 청구전원타운 관리사무소,2025-07-01,2025-07-03
청하종합개발(주)기전과장,오페라트루엘시민의숲,대구시 북구 고성북로 34,2025-07-01,채용시까지
동우씨엠(주)관리과장 구인,복현3차서한이다음,대구 북구 복현로 130,2025-07-01,2025-07-11
자치관리기전과장 구인 공고,팔공2차보성타운,대구시 동구 팔공로 101길 55,2025-07-01,채용시까지
(주)굿모닝이엔씨기전과장,월성서한이다음,대구광역시 달서구 학산로 15,2025-06-30,채용시까지
【상일종합관리】과장 구인,오페라코오롱하늘채,대구시 북구 중앙대로 540,2025-06-30,2025-07-18
기계설비유지관리자(중급)-시설과장,반월당아너스제네스오피스텔,대구 중구 중앙대로 312,2025-06-30,채용시까지
코원주식회사동대구역 화성파크드림 오피스텔 및 상가 시설주임 1명구인,동대구역화성파크드림 오피스텔 및 상가,대구광역시 동구 동대구로 590,2025-06-30,채용시까지
【상일종합관리】과장 구인,공작한양아파트,대구광역시 북구 구암로21길 38,2025-06-30,2025-07-14
(주)굿모닝이엔씨소방안전관리자,대구역자이더스타,대구 북구 칠성동2가 500-2,2025-06-27,채용시까지
(주)목성엔지니어링**목성 율하휴먼시아6단지 시설기사 구인공고**,율하휴먼시아6단지,대구광역시 동구 안심로16길 45,2025-06-27,2025-07-01
(주)굿모닝이엔씨★긴급★관리부장(전기과장),가람마을2단지,대구 달서구 한실로 135,2025-06-27,채용시까지
『맨투맨써비스』전기과장 모집,두류스타힐스,대구시 서구 내당동 255-1,2025-06-27,채용시까지
[나라솔루션]봉덕한라하우젠트 격일제 기전과장 구인공고,봉덕한라하우젠트,대구광역시 남구 봉덕동 491-7,2025-06-27,채용시까지
(주)성보티씨에스전기과장,동대구역골드클레스오피스텔,대구시 동구 신암남로 72,2025-06-26,채용시까지
자치관리기전과장,노변동서우방타운,대구광역시 수성구 노변공원로 22,2025-06-26,2025-07-02
(주)굿모닝이엔씨시설주임,시지삼주한라협화타운,대구 수성구 신매로 91,2025-06-25,채용시까지
[명성티엠에스]시설과장,힐스테이트 앞산 센트럴,대구시 남구 대덕로 162,2025-06-25,채용시까지
[나라솔루션]오페라스위첸 오피스텔 / 상가 관리소장 구인공고,"오페라스위첸 오피스텔,상가",대구 북구 칠성남로 14길 14,2025-06-25,채용시까지
[동우씨엠(주)]관라사무소장,동우 / 죽전역태왕아너스 오피스텔,대구 달서구 와룡로 111,2025-06-25,채용시까지
(주)목성엔지니어링**목성 국가산단디에트르더센트럴 기전과장 구인공고**,국가산단디에트르더센트럴,대구광역시 달성군 국가산단대로70길 17,2025-06-25,2025-07-02
[명성티엠에스]기전주임(긴급),북구청역 푸르지오 에듀포레,대구광역시 북구 침산남로 30,2025-06-25,채용시까지
(주)한국티씨엠전기과장(격일제),강변일성트루엘,북구 침산동,2025-06-25,채용시까지
명성티엠에스전기과장,앞산비스타동원아파트,대구 남구 신촌길 57 앞산비스타동원아파트,2025-06-25,채용시까지
전기과장,장원맨션아파트,대구광역시 수성구 청호로 370(범어동),2025-06-24,채용시까지
청하종합개발(주)기전기사,우방드림시티,대구시 달서구 장기로 242,2025-06-24,채용시까지
(주)목성엔지니어링**목성 율하휴먼시아6단지 시설기사 구인공고**,율하휴먼시아6단지,대구광역시 동구 안심로16길 45,2025-06-24,2025-07-01
(주)굿모닝이엔씨★긴급★관리계장,이천주공1단지,대구 남구 명덕로 68길 77,2025-06-24,채용시까지
『맨투맨써비스』전기과장,하나리움퀸즈파크,대구광역시 달성군 유가읍 테크노북로 164,2025-06-24,채용시까지
(주)굿모닝이엔씨기전과장,남산롯데캐슬 센트럴스카이,대구광역시 중구 재마루길 77,2025-06-24,채용시까지
(주)굿모닝이엔씨기전주임,대구역제일풍경채위너스카이,대구광역시 중구 달성로26길 70,2025-06-24,채용시까지
"(주)목성엔지니어링**목성 칠곡롯데아파트 기전계장,기전주임 구인공고**",칠곡롯데아파트,대구광역시 북구 구암로 12,2025-06-23,2025-06-30
(주)목성엔지니어링**목성 대신센트럴자이 시설계장 구인공고**,대신센트럴자이,대구 중구 달구벌대로 1955,2025-06-23,2025-06-30
[나라솔루션]죽전역동서프라임  / 두류중흥S클래스센텀포레,죽전역동서프라임 / 두류중흥S클래스센텀포레,대구시 달서구 장기동 548-3 / 대구시 달서구 두류길 107,2025-06-23,채용시까지
동우씨엠(주)시설책임(전기과장),동우/이안동대구,대구광역시 동구 송라로 28길 14,2025-06-23,2025-06-30
(주)굿모닝이엔씨기전주임,경산삼도뷰엔빌W,경산시 경청로 222길 34,2025-06-23,채용시까지
(주)굿모닝이엔씨시설주임,월배1차 아이파크,대구 달서구 조암남로 182,2025-06-23,채용시까지
(주)굿모닝이엔씨시설주임,시지삼주한라협화타운,대구 수성구 신매로 91,2025-06-23,채용시까지
【상일종합관리】과장 구인,율하리버파크,대구광역시 동구 율하동로 19,2025-06-23,2025-07-07
[나라솔루션]죽전역해링턴플레이스더베스트 기전주임 구인공고,죽전역해링턴플레이스더베스트,대구시 달서구 와룡로 33길 20,2025-06-20,채용시까지
(주)신대한관리교대주임(반장),중앙로역푸르지오더센트럴,대구광역시 중구 서성로 60,2025-06-20,2025-06-25
(주)목성엔지니어링**목성 봉산뜨란채 관리주임 구인공고**,봉산뜨란채,대구광역시 중구 봉산문화길 69,2025-06-20,2025-06-27
(주)굿모닝이엔씨기전주임,수성골드클래스더센텀,대구광역시 수성구 수성로 185(중동),2025-06-20,채용시까지
(주)상원에스앤씨성광우방타운/기전계장,성광우방타운,대구시 북구 호암로20(칠성동),2025-06-19,2025-06-27
동우씨엠(주)시설주임 (기계설비유지관리자 '초급' 또는 '임시' 선임 경력가능자),시지 청구전원타운,대구시 수성구 시지로 45 청구전원타운 관리사무소,2025-06-19,2025-06-25
[명성티엠에스]기전주임,북구청역 푸르지오 에듀포레,대구시 북구 침산남로 30,2025-06-19,채용시까지
자치관리전기과장 (전기및 소방 선임가능한 분)긴급구인,대덕맨션2차아파트,대구시 남구 앞산순환로655,2025-06-19,2025-06-25
(주)굿모닝이엔씨기전과장,남산롯데캐슬 센트럴스카이,대구광역시 중구 재마루길 77,2025-06-19,채용시까지
【상일종합관리】과장 구인,논공청구타운,대구 달성군 논공로7길 73,2025-06-19,2025-07-03
자치관리기전과장 채용,만촌1차우방타운,대구시 수성구 교학로11길 46,2025-06-18,2025-06-24
[동우씨엠(주)]시설책임,동우 / 서대구역화성파크드림,대구 서구 서대구로29길 30,2025-06-18,채용시까지
명성티엠에스전기과장,앞산비스타동원아파트,대구 남구 신촌길 57 앞산비스타동원아파트 관리사무소,2025-06-18,채용시까지
[나라솔루션]만촌역서한포레스트 기전주임 구인공고,만촌역서한포레스트,대구시 수성구 만촌동 1040-14번지,2025-06-18,채용시까지
【상일종합관리】과장 구인,빌리브스카이,대구 달서구 와룡로 186,2025-06-18,2025-07-02
[나라솔루션]죽전역동서프라임 전기과장 구인공고,죽전역동서프라임,대구시 달서구 장기동 548-3,2025-06-18,채용시까지
동우씨엠(주)전기과장구인,화성파크드림이스트밸리,대구광역시 동구 송라로10길 34,2025-06-18,채용시까지
[동우씨엠(주)]시설책임,동우 / 래미안웰리스트,대구광역시 남구 효성중앙길81.82,2025-06-17,채용시까지
(주)굿모닝이엔씨★긴급★관리계장,이천주공1단지,대구 남구 명덕로 68길 77,2025-06-17,채용시까지
(주)목성엔지니어링**목성 대신센트럴자이 시설계장 구인공고**,대신센트럴자이,대구 중구 달구벌대로 1955,2025-06-17,채용시까지
(주)목성엔지니어링**목성 봉산뜨란채 관리주임 구인공고**,봉산뜨란채,대구광역시 중구  봉산문화길 69,2025-06-17,채용시까지
(주)굿모닝이엔씨시설계장,연경LH뉴웰시티,대구 동구 동화천로 77길 30,2025-06-17,채용시까지
【상일종합관리】기사 구인,대구혁신센텀힐즈,대구시 동구 혁신대로 450,2025-06-17,2025-06-30
(주)굿모닝이엔씨★긴급★관리과장,월배1차아이파크,대구광역시 달서구 조암남로 182,2025-06-17,채용시까지
(주)굿모닝이엔씨★긴급★기전주임,남산롯데캐슬 센트럴스카이,대구광역시 중구 재마루길 77,2025-06-17,채용시까지
(주)서반플래닝관리과장 채용 공고,대구역한라하우젠트센트로,대구광역시 중구 태평로 190,2025-06-17,2025-06-24
[동우씨엠(주)]시설책임(전기과장),동우 / 메트로팔레스5단지,대구시 수성구 동원로 100,2025-06-16,채용시까지
[동우씨엠(주)]시설책임(과장),동우 / 희망교대성유니드,대구광역시 남구 희망로5길 12,2025-06-16,채용시까지
(주)굿모닝이엔씨기전과장,고령다산3단지,경상북도 고령군 다산면 평리6길 30,2025-06-16,채용시까지
[동우씨엠(주)]시설책임(전기과장),대현한신휴플러스,대구 북구 대현남로 25,2025-06-16,채용시까지
"[명성티엠에스]시설과장, 특급소방계장",태왕디아너스 오페라,대구시 북구 고성동1가 162-11번지 일원,2025-06-16,채용시까지
(주)굿모닝이엔씨관리과장,월배1차 아이파크,대구광역시 달서구 조암남로 182,2025-06-16,채용시까지
자치관리전기과장 모집합니다.,범물삼주타운,대구광역시 수성구 범안로8길 35,2025-06-16,채용시까지
[동우씨엠(주)]시설주임,동우 / 수성범어W,대구시 수성구 달구벌대로 2346,2025-06-13,채용시까지
[나라솔루션]빌리브클라쎄 기전주임 구인공고,빌리브클라쎄,대구 달서구 본동747번지,2025-06-13,채용시까지
(주) 상일종합관리기전과장 급구,테크노폴리스 반도유보라,대구 달성군 유가읍 테크노대로 195,2025-06-13,채용시까지
(주)목성엔지니어링**목성 대신센트럴자이 시설계장 구인공고**,대신센트럴자이,대구 중구 달구벌대로 1955,2025-06-13,2025-06-20
(주)광명티엠씨전기과장구인,경산귀빈타운,경산시 대학로 12길 24,2025-06-12,채용시까지
[동우씨엠(주)]시설책임(과장),동우 / 수성레이크푸르지오,대구시 수성구 청수로 24길 91,2025-06-12,채용시까지
『맨투맨써비스』전기과장 구인공고,영주남산현대,경상북도 영주시 구성로 142번길 20,2025-06-12,채용시까지
(주)청풍산업시설기사 모집,경산하양파인앤유더퍼스트,경북 경산시 하양읍 지식산업로 4길 8,2025-06-12,채용시까지
【상일종합관리】과장 구인,논공청구타운,대구 달성군 논공로7길 73,2025-06-12,2025-06-26
[나라솔루션]펜타힐즈푸르지오2차 기전주임 구인공고,펜타힐즈푸르지오2차,경북 경산시 중산동 686번지,2025-06-12,채용시까지
청하종합개발(주)기전과장,오페라트루엘시민의숲,대구시 북구 고성북로 34,2025-06-12,채용시까지
(주)목성엔지니어링**목성 이시아폴리스더샵3차 시설대리 구인공고**,이시아폴리스더샵3차,대구광역시 동구 팔공로53길 10,2025-06-12,2025-06-19
(주)굿모닝이엔씨기전주임,대구역제일풍경채위너스카이,대구광역시 중구 달성로26길 70,2025-06-11,채용시까지
(주)굿모닝이엔씨전기과장,대구역제일풍경채위너스카이,대구시 중구 달성로26길 70,2025-06-11,채용시까지
【상일종합관리】과장 구인,혁신도시서한이다음3차,대구시 동구 혁신대로 443,2025-06-11,2025-06-25
【상일종합관리】과장 구인,오페라코오롱하늘채,대구시 북구 중앙대로 540,2025-06-11,2025-06-25
(주)굿모닝이엔씨시설(조경)대리,남산롯데캐슬 센트럴스카이,대구광역시 중구 재마루길 77,2025-06-10,채용시까지
(주)굿모닝이엔씨관리부장(전기과장),가람마을2단지,대구 달서구 한실로 135,2025-06-10,채용시까지
(주)굿모닝이엔씨기전과장,월성서한이다음,대구 달서구 학산로 15,2025-06-10,채용시까지
(주)굿모닝이엔씨기전기사,대구역제일풍경채위너스카이,대구시 중구 달성로26길 70,2025-06-10,채용시까지
(주)목성엔지니어링**목성 시지아이프라임 전기과장 구인공고**,시지아이프라임,대구광역시 수성구 달구벌대로 3110,2025-06-10,2025-06-17
【상일종합관리】과장 구인,상인역모아엘가파크뷰,대구광역시 달서구 상화북로 162,2025-06-10,2025-06-17
[동우씨엠(주)]시설책임(전기과장),월드마크웨스트엔드,대구시 달서구 와룡로 169,2025-06-09,채용시까지
『맨투맨써비스』관리소장 모집,죽전역시티프라디움,대구시 달서구 죽전1길 41,2025-06-09,채용시까지
"[명성티엠에스]관리소장(과장), 기전주임",테크노폴리스 예미지 애비뉴스완 상가,대구시 달성군 유가읍 테크노북로 260,2025-06-09,채용시까지
(주)굿모닝이엔씨기전주임,남산롯데캐슬 센트럴스카이,대구광역시 중구 재마루길 77,2025-06-09,채용시까지
(주) 상일종합관리기전과장 모집,테크노폴리스 반도유보라,대구 달성군 유가읍 테크노대로 195,2025-06-09,채용시까지
(주)굿모닝이엔씨시설(조경)대리,남산롯데캐슬 센트럴스카이,대구광역시 중구 재마루길 77,2025-06-09,채용시까지
(주)케이알서비스관리과장,앞산리슈빌앤리마크1.2단지,대구시 남구 안지랑로 73,2025-06-09,2025-06-13
청하종합개발(주)기전과장,오페라트루엘시민의숲,대구시 북구 고성북로 34,2025-06-09,채용시까지
(주)상원에스앤씨성광우방타운/기전계장,성광우방타운/(주)상원에스앤씨,대구시 북구 호암로 20(칠성동),2025-06-09,2025-06-15
『맨투맨써비스』전기과장 모집,교대역 푸르지오 트레힐즈,대구시 남구 이천로 105-5,2025-06-05,채용시까지
전기과장 구인,범물우방미진하이츠,대구시 수성구 지범로 290,2025-06-05,2025-06-22
(주)굿모닝이엔씨전기과장,대구역제일풍경채위너스카이,대구시 중구 달성로26길 70,2025-06-04,채용시까지
자치관리기전과장,대덕맨션 2차,대구광역시 남구 앞산순환로 655,2025-06-04,2025-06-13
율산개발특급소방과장,대구위브더제니스상가,대구시 수성구 달구벌대로 2435,2025-06-04,채용시까지
나라솔루션(주)봉덕한라하우젠트 격일제 기전과장 구인공고,봉덕한라하우젠트,대구광역시 남구 봉덕동 491-7,2025-06-04,채용시까지
청하종합개발(주)기전기사,우방드림시티,대구시 달서구 장기로 242,2025-06-04,채용시까지
(주)목성엔지니어링**목성 이시아폴리스더샵3차 시설대리 구인공고**,이시아폴리스더샵3차,대구광역시 동구 팔공로53길 10,2025-06-04,2025-06-11
주민자치기전과장,평화타운,대구광역시 달서구 성서동로 350,2025-06-03,2025-06-13
청하종합개발(주)기전과장,오페라트루엘시민의숲,대구시 북구 고성북로 34,2025-06-02,채용시까지
(주)굿모닝이엔씨기전과장,월성서한이다음,대구 달서구 학산로 15,2025-06-02,채용시까지
【상일종합관리】과장 구인,범어에일린의뜰,대구광역시 수성구 청솔로 14길 15,2025-06-02,2025-06-16
【상일종합관리】과장 구인,율하리버파크,대구광역시 동구 율하동로 19,2025-06-02,2025-06-16
자치관리전기과장,나래마을,대구시 달서구 한실로29,2025-06-02,2025-06-30
(주)굿모닝이엔씨관리과장,월배1차 아이파크,대구광역시 달서구 조암남로 182,2025-06-02,채용시까지
(주)굿모닝이엔씨★긴급★기전과장,모아미래도 에듀퍼스트,대구 달성군 구지면 국가산단대로 70길 42,2025-06-02,채용시까지
[명성티엠에스]기전주임,용계역푸르지오아츠베르2단지,대구광역시 동구 화랑로108길 46,2025-06-02,2025-06-08
(주)상원에스앤씨성광우방타운/기전계장,성광우방타운,대구시 북구 호암로20(칠성동),2025-06-02,2025-06-08
[동우씨엠(주)]시설책임(과장) [긴급],동우 / 침산태왕리더스,대구광역시 북구 침산남로80,2025-05-30,채용시까지
(주)굿모닝이엔씨전기과장,장기주공아파트,대구 달서구 용산로 88,2025-05-29,채용시까지
[나라솔루션]화원신일해피트리꿈의숲 기전주임 구인공고,화원신일해피트리꿈의숲,대구시 달성군 화원읍 설화리 975,2025-05-29,채용시까지
동우씨엠(주)시설책임(전기과장),동우/이안동대구,대구광역시 동구 송라로 28길 14,2025-05-29,2025-06-04
동우씨엠(주)■시설기사 2명 채용 (수정함),화성센트럴파크 아파트,"대구광역시 북구 대천로 100(동천동, 화성센트럴파크 아파트)",2025-05-29,2025-06-10
"(주)서반플래닝관리사무소장, 관리과장",대구역 한라하우젠트센트로,대구시 중구 태평로 190,2025-05-29,2025-06-08
(주)한국티씨엠기전과장 구인,시지대성유니드,대구 수성구 달구벌대로669길 80,2025-05-29,2025-06-04
[동우씨엠(주)]시설선임,동우 / 범물태성한라창신,대구 수성구 용학로 272,2025-05-29,채용시까지
[동우씨엠(주)]시설주임,동우 / 수성범어W,대구광역시 수성구 달구벌대로 2436,2025-05-29,채용시까지
기계설비유지관리자(중급)-시설과장,반월당아너스제네스오피스텔,대구 중구 중앙대로 312,2025-05-29,채용시까지
(주)케이엠산업관리사무소 직원 구인,힐스테이트대명더퍼스트,대구광역시 남구 대명동 289-9,2025-05-28,2025-06-08
맨투맨써비스관리과장,왜관우방타운,경상북도 칠곡군 왜관읍 중앙로 117,2025-05-28,채용시까지
[나라솔루션]힐스테이트서대구역센트럴 관리실 직원 구인공고,힐스테이트서대구역센트럴,대구시 서구 서대구로 64안길 18-5,2025-05-28,채용시까지
[동우씨엠(주)]시설책임(과장),동우 / 칠곡3차화성타운,대구시 북구 대천로 101,2025-05-27,채용시까지
동우씨엠▶전기과장(긴급),월성코오롱하늘채1단지,대구 달서구 조암남로16길 19,2025-05-27,채용시까지
(주)상원에스앤씨기전계장/격일제근무,성광우방타운,대구시 북구 호암로20(칠성동),2025-05-27,2025-06-01
◈(주)한보주택관리◈전기과장 구인,영천인터불고코아루,경상북도 영천시 창신1길 42,2025-05-27,채용시까지
[명성티엠에스]시설과장,북구청역 푸르지오 에듀포레,대구광역시 북구 침산남로 30,2025-05-27,채용시까지
[동우씨엠(주)]시설책임(과장),동우 / 월드마크웨스트엔드,대구시 달서구 와룡로 169,2025-05-27,채용시까지
[동우씨엠(주)]시설책임(과장),대실역리슈빌3단지,대구 달성군 다사읍 대실남로 33,2025-05-27,채용시까지
【상일종합관리】과장 구인,오페라코오롱하늘채,대구시 북구 중앙대로 540,2025-05-27,2025-06-10
기전과장 구인공고,칠곡대백맨션(1차),대구광역시 북구 관음로24(태전동),2025-05-27,2025-05-30
[동우씨엠(주)]시설책임(과장),동우 / 칠곡그린빌1단지,대구시 북구 구리로 250,2025-05-26,채용시까지
(주)굿모닝이엔씨시설(조경)대리,남산롯데캐슬 센트럴스카이,대구광역시 중구 재마루길 77,2025-05-26,채용시까지
청하종합개발(주)기전과장,오페라트루엘시민의숲,대구시 북구 고성북로 34,2025-05-26,채용시까지
(주)굿모닝이엔씨시설주임,연경아이파크,대구 동구 동화천로 369,2025-05-26,채용시까지
[나라솔루션]빌리브라디체 관리실 직원 구인 공고,빌리브라디체,대구시 달서구 본동 760번지 일원,2025-05-26,채용시까지
[동우씨엠(주)]시설주임 [긴급],동우 / 대실역리슈빌3단지,대구 달성군 다사읍 대실남로 33,2025-05-26,채용시까지
【상일종합관리】과장 구인,대봉서한이다음,대구광역시 중구 명덕로 241,2025-05-26,2025-06-09
【상일종합관리】과장 구인,혁신도시서한이다음3차,대구시 동구 혁신대로 443,2025-05-26,2025-06-09
◈(주)한보주택관리◈[※긴급※]시설기사 구인,대구역센트럴자이,대구시 중구 서성로 99,2025-05-26,채용시까지
『맨투맨써비스』전기과장,화진금봉타운,대구시 달성군 다사읍 서재로 120,2025-05-23,채용시까지
◈(주)한보주택관리◈전기과장 구인,율하휴먼시아15단지,대구광역시 동구 율하동 1099,2025-05-23,채용시까지
"[동우씨엠(주)]시설책임, 시설선임, 시설주임",동우 / 빌리브헤리티지,대구 수성구 수성동4가 1025-1,2025-05-23,채용시까지
(주)KB아주설비과장(기계설비 유지관리자 고급 이상),대구월배2차아이파크,대구광역시 달서구 월배로5길 76,2025-05-23,채용시까지
[명성티엠에스]기전과장,힐스테이트 대구역 퍼스트2차,대구시 중구 태평로3가 211-1번지,2025-05-23,채용시까지
[동우씨엠(주)]전기엔지니어링팀 실무자,동우 / 전기엔지니어링팀,대구 수성구 국채보상로 924,2025-05-23,채용시까지
[나라솔루션]죽전역화성파크드림 전기과장 구인공고,죽전역화성파크드림,대구시 달서구 감삼동 582-5,2025-05-22,채용시까지
(주)굿모닝이엔씨전기과장,경산하양금호어울림,경북 경산시 서사도리로 31,2025-05-22,채용시까지
코원주식회사시설주임1명 구인합니다.,부띠끄시티테라스오피스텔,대구광역시 동구 동부로26길 5,2025-05-22,채용시까지
[동우씨엠(주)]시설책임(전기과장),동우 / 이안동대구,대구광역시 동구 송라로 28길 14,2025-05-22,채용시까지
자치관리전기과장 구인,지산우방타운,대구광역시 수성구 지산로 31,2025-05-22,채용시까지
(주)목성엔지니어링**목성 수성코오롱하늘채 기전주임 구인공고**,수성코오롱하늘채,대구광역시 수성구 들안로 300,2025-05-22,2025-05-29
[동우씨엠(주)]시설책임(전기과장),동우 / 메트로팔레스5단지,대구시 수성구 동원로 100,2025-05-21,채용시까지
【상일종합관리】과장 구인,혁신도시서한이다음3차,대구시 동구 혁신대로 443,2025-05-21,2025-06-04
우리관리(주)관리대리(조경과 영선),동대구역센텀화성파크드림,대구시 동구 아양로 133,2025-05-21,2025-05-26
"[동우씨엠(주)]시설주임, 시설선임",명곡미래빌3단지,대구시 달성군 화원읍 명곡로30,2025-05-21,채용시까지
[동우씨엠(주)]시설책임(전기팀장),동우 / 센트로팰리스,대구시 대봉로 260(대봉동),2025-05-21,채용시까지
"(주)굿모닝이엔씨전기과장, 시설대리",남산롯데캐슬 센트럴스카이,대구광역시 중구 재마루길 77,2025-05-21,채용시까지
(주)굿모닝이엔씨기전주임(주간),더트루엘수성,대구광역시 수성구 지범로52길 5-6,2025-05-20,채용시까지
(주)성우서비스관리과장,시지라온프라이빗,"대구광역시 수성구 달구벌대로 656길 32 (신매동, 시지라온프라이빗)",2025-05-20,채용시까지
【상일종합관리】과장 구인,빌리브스카이,대구 달서구 와룡로 186,2025-05-20,2025-06-03
[나라솔루션]월배라온프라이빗디엘 기전주임 구인공고,월배라온프라이빗디엘,대구시 달서구 월배로 159,2025-05-20,채용시까지
[동우씨엠(주)]시설책임(전기과장_,비산한신휴플러스,대구 서구 달서로 17길 17,2025-05-20,채용시까지
(주)휴먼피플경산사동1차부영아파트 전기과장 구인,경산사동1차부영아파트,경상북도 경산시 사동 662-1,2025-05-19,채용시까지
(주)목성엔지니어링**목성 이시아폴리스더샵3차 시설주임 구인공고**,이시아폴리스더샵3차,대구광역시 동구 팔공로53길 10,2025-05-19,2025-05-26
(주)목성엔지니어링**목성 이시아폴리스더샵3차 시설대리 구인공고**,이시아폴리스더샵3차,대구광역시 동구 팔공로53길 10,2025-05-19,2025-05-26
[동우씨엠(주)]시설주임,대실역리슈빌3단지,대구 달성군 다사읍 대실남로 33,2025-05-19,채용시까지
『맨투맨써비스』관리소장 모집,이안엑소디움에이펙스,대구 달서구 감삼동 599-51,2025-05-19,채용시까지
[명성티엠에스]시설과장(긴급),북구청역 푸르지오 에듀포레,대구광역시 북구 침산남로 30,2025-05-19,채용시까지
[명성티엠에스]관리소장(과장) 긴급,힐스테이트 대명 센트럴 오피스텔/상가,대구시 남구 대명로 256,2025-05-19,채용시까지
[나라솔루션]죽전역화성파크드림 전기과장 구인공고,죽전역화성파크드림,대구시 달서구 감삼동 582-5,2025-05-16,채용시까지
주)한국티씨엠전기과장,아름다운나날1단지,동구 안심로402,2025-05-15,채용시까지
(주)상원에스앤씨기전계장/격일제근무,성광우방타운,대구시 북구 호암로20(칠성동),2025-05-15,2025-05-24
『맨투맨써비스』전기과장,영천완산미소지움2차,경상북도 영천시 완산5길 111,2025-05-15,채용시까지
[동우씨엠(주)]관리사무소장,동우 / 수성범어W상가,대구 수성구 범어동 191-3,2025-05-15,채용시까지
[나라솔루션]칠곡왜관월드메르디앙웰리지 기전주임 구인공고,칠곡왜관월드메르디앙웰리지,경북 칠곡군 왜관읍 금산로 3길 35,2025-05-15,채용시까지
(주)성보티씨에스기전과장,수성해모로하이엔,대구광역시 수성구 파동로47,2025-05-15,2025-05-19
(주)굿모닝이엔씨시설주임,월배1차 아이파크,대구 달서구 조암남로 182,2025-05-15,채용시까지
[동우씨엠(주)]설비책임(과장) [긴급],월드마크웨스트엔드,대구시 달서구 와룡로 169,2025-05-14,채용시까지
(주)굿모닝이엔씨기전주임(주간),더트루엘수성,대구광역시 수성구 지범로52길 5-6,2025-05-14,채용시까지
(주)목성엔지니어링**목성 수성코오롱하늘채 기전주임 구인공고**,수성코오롱하늘채,대구광역시 수성구 들안로 300,2025-05-13,2025-05-20
[명성티엠에스]특급소방계장,힐스테이트 동인,대구시 중구 공평로20길 37-15,2025-05-13,채용시까지
(주)목성엔지니어링**목성 신천역더뷰파크 시설과장 구인공고**,신천역더뷰파크,대구광역시 동구 동부로 20,2025-05-13,2025-05-20
[나라솔루션]더센트럴화성파크드림 전기과장 구인공고,더센트럴화성파크드림,대구시 동구 신천동 301-2번지,2025-05-13,채용시까지
【상일종합관리】과장 구인,동인태왕아너스라플란드,대구시 중구 국채보상로 151길 55,2025-05-13,2025-05-27
청하종합개발(주)설비과장,동대구해모로스퀘어웨스트,대구광역시 동구 신암동 1852,2025-05-13,2025-05-30
청하종합관리(주)기전과장,불로서한이다음,대구시 동구 공항로 148,2025-05-13,채용시까지
【상일종합관리】과장 구인,수성동일하이빌레이크시티,대구 수성구 수성로 71,2025-05-12,2025-05-26
자치관리기전과장 채용,동화훼밀리타운,대구광역시 북구 칠곡중앙대로 95길 11,2025-05-12,채용시까지
[명성티엠에스]시설과장(긴급),북구청역 푸르지오 에듀포레,대구시 북구 침산남로 30,2025-05-12,채용시까지
(주)굿모닝이엔씨관리과장,각산푸르지오2단지,대구 동구 경안로 822,2025-05-12,채용시까지
동우씨엠(주)시설책임(전기과장)-긴급,비산한신휴플러스,대구 서구 달서로 17길 17,2025-05-12,채용시까지
자치관리전기과장,나래마을,대구시달서구한실로29,2025-05-09,2025-06-03
◈(주)한보주택관리◈전기과장 구인,율하휴먼시아15단지,대구광역시 동구 율하동 1099,2025-05-09,채용시까지
(주)이오티앤디조경주임,테크노중흥S클래스포디움,대구 달성군 테크노순환로 423,2025-05-08,채용시까지
자치관리시설과장(소방안전관리자2급),제림햇빛촌아파트,대구 동구 공항로 52길 28,2025-05-08,채용시까지
기전과장(자치관리),용산영남타운,대구 달서구 용산로 266,2025-05-08,채용시까지
(주)목성엔지니어링**목성 수성코오롱하늘채 기전주임 구인공고**,수성코오롱하늘채,대구광역시 수성구 들안로 300,2025-05-08,2025-05-15
(주)광명티엠씨전기과장(소장) 긴급구인,신기역극동스타클래스,대구광역시 동구 반야월로 26길 15-1,2025-05-08,채용시까지
【상일종합관리】과장 구인,혁신도시서한이다음3차,대구시 동구 혁신대로 443,2025-05-08,2025-05-22
(주)한국티씨엠기전과장(격일제),강변일성트루엘,북구 침산동,2025-05-08,채용시까지
자치관리시설관리자(시설과장) 모집,범어타워 오피스텔관리소,대구광역시 수성구 동대구로 390. 범어타워 1910호,2025-05-08,채용시까지
"청하종합개발(주)시설팀장(전기과장), 전기계장",동대구해모로스퀘어웨스트,대구관역시 동구 신암동 1852,2025-05-08,2025-05-30
[나라솔루션]죽전역화성파크드림 / 빌리브클라쎄 전기과장 구인공고,죽전역화성파크드림 / 빌리브클라쎄,대구시 달서구 감삼동 582-5 / 대구시 달서구 본동 747번지,2025-05-08,채용시까지
[동우씨엠(주)]시설선임(전기),동우 / 성서동원비즈플랫폼,대구시 달서구 성서로 329,2025-05-08,채용시까지
(주)한국티씨엠기전주임(기계설비유지관리자 자격소지자),용산서한화성1차,달서구 장산로 10,2025-05-08,채용시까지
(주)상원에스앤씨기전계장/격일제근무,성광우방타운,대구시 북구 호암로20(칠성동),2025-05-07,2025-05-13
[동우씨엠(주)]시설책임(과장),동우 / 만촌화성파크스위트,대구광역시 수성구 화랑로 34길 141,2025-05-07,채용시까지
기전과장,청운맨션,대구시 중구 동덕로 33(대봉동),2025-05-07,2025-05-16
"(주)굿모닝이엔씨기전,영선기사",브라운스톤강북,대구 북구 내곡로 89,2025-05-07,채용시까지
【상일종합관리】과장 구인(긴급!!),용계역푸르지오아츠베르1단지,대구시 동구 화랑로 108길 42,2025-05-07,2025-05-21
【상일종합관리】과장 구인(긴급!!!!!),빌리브스카이,대구 달서구 와룡로 186,2025-05-07,2025-05-21
【상일종합관리】과장 구인,서대구역서한이다음더퍼스트,대구 서구 국채보상로37길38,2025-05-07,2025-05-31
(주)굿모닝이엔씨기전과장,진천역AK그랑폴리스2차,대구 달서구 월배로 51,2025-05-07,채용시까지
(주)목성엔지니어링**목성 범물서한화성타운 기전과장 구인공고**,범물서한화성타운,대구시 수성구 지범로40길 11,2025-05-07,2025-05-14
[나라솔루션]더센트럴화성파크드림 / 빌리브파크뷰 전기과장 구인공고,더센트럴화성파크드림 / 빌리브파크뷰,대구 동구 신천동 301-2 /  대구 달서구 두류동 474-5,2025-05-07,채용시까지
[명성티엠에스]관리소장(과장),범어 센트럴 푸르지오 오피스텔/상가,대구시 수성구 상록로 15,2025-05-02,채용시까지
(주)성보티씨에스시설계장,수성해모로하이엔,대구광역시 수성구 파동로 47,2025-04-30,2025-05-16
『맨투맨써비스』관리소장 모집(전기선임자),이안엑소디움에이펙스,대구 달서구 감삼동 599-51,2025-04-30,채용시까지
(주)목성엔지니어링**목성 국가산단디에트르더센트럴 기전과장 구인공고**,국가산단디에트르더센트럴,대구광역시 달성군 국가산단대로70길 17,2025-04-30,2025-05-07
기전과장 구인,복현2차서한,대구시 북구 공항로 15길 8,2025-04-30,채용시까지
[동우씨엠(주)]시설책임(전기과장),비산한신휴플러스,대구 서구 달서로 17길 17,2025-04-30,채용시까지
(주)굿모닝이엔씨기전과장,진천역AK그랑폴리스2차,대구 달서구 월배로 51,2025-04-30,채용시까지
[동우씨엠(주)]관리사무소장,동우 / 수성범어W 상가,대구 수성구 범어동 191-3,2025-04-29,채용시까지
◈(주)한보주택관리◈전기과장 구인,율하휴먼시아15단지,대구광역시 동구 율하동 1099,2025-04-29,채용시까지
[동우씨엠(주)]시설책임(전기과장),동우 / 대경넥스빌,대구시 동구 안심로 400,2025-04-28,채용시까지
전기과장,수성우방팔레스,대구 수성구 수성로 400,2025-04-28,2025-04-30
(주)목성엔지니어링**목성 범물서한화성타운 기전과장 구인공고**,범물서한화성타운,대구시 수성구 지범로40길 11,2025-04-28,2025-05-05
(주)휴먼피플영천문내 대동다숲아파트 관리과장 구인,영천문내 대동다숲아파트,"경북 영천시 중앙동1길 102-10,11",2025-04-25,채용시까지
(주)성보티씨에스기전과장,수성화성쌍용타운,대구광역시 수성구 수성로 411,2025-04-25,채용시까지
【상일종합관리】과장 구인(긴급!!!!!),빌리브스카이,대구 달서구 와룡로 186,2025-04-25,채용시까지
【상일종합관리】과장 구인,범어아이파크,대구 수성구 동대구로 230,2025-04-25,2025-05-09
(주)목성엔지니어링**목성 국가산단디에트르더센트럴 기전과장 구인공고**,국가산단디에트르더센트럴,대구광역시 달성군 국가산단대로70길 17,2025-04-24,2025-05-01
목성엔지니어링**목성 동촌화성타운 시설과장 구인공고**,동촌화성타운,대구광역시 동구 동촌로6길 3,2025-04-24,2025-05-01
◈(주)한보주택관리◈전기과장 구인,산격양우내안애,대구시 북구 동북로 131,2025-04-24,채용시까지
[명성티엠에스]특급소방계장(긴급),힐스테이트 도원 센트럴 오피스텔/상가,대구시 중구 태평로 50,2025-04-24,채용시까지
◈(주)한보주택관리◈※긴급※전기과장 구인,대곡한라하우젠트,대구시 달서구 비슬로 2724,2025-04-24,채용시까지
[나라솔루션]빌리브파크뷰 전기과장 구인공고,빌리브파크뷰,대구시 달서구 두류동 474-5,2025-04-23,채용시까지
기전과장 구인(긴급),관음타운,대구 북구 영송로63(태전동),2025-04-23,채용시까지
목성엔지니어링* 목성 * 범물청아타운 / 기전과장 구인공고,범물청아타운,대구 수성구 범안로 40,2025-04-23,2025-04-30
(주)굿모닝이엔씨기전과장,진천역AK그랑폴리스2차,대구 달서구 월배로51,2025-04-23,채용시까지
[동우씨엠(주)]설비책임(과장),월드마크웨스트엔드,대구시 달서구 와룡로 169,2025-04-22,채용시까지
[명성티엠에스]시설과장,힐스테이트 대명 센트럴 아파트,대구시 남구 대명로 256,2025-04-22,채용시까지
자치관리전기과장,대곡8단지나래마을,대구시 달서구 한실로29,2025-04-22,2025-04-30
【상일종합관리】과장 구인(선임내용 수정),e편한세상복현,대구시 북구 동북로 247,2025-04-22,2025-05-07
[동우씨엠(주)]시설책임(전기과정),동우 / 엠월드,대구광역시 서구 문화로 37,2025-04-22,채용시까지
【상일종합관리】과장 구인(긴급!!!!!),빌리브스카이,대구 달서구 와룡로 186,2025-04-21,채용시까지
"[명성티엠에스]시설과장, 기전주임(긴급)",북구청역 푸르지오 에듀포레,대구시 북구 침산남로 30,2025-04-21,채용시까지
자치관리관리과장 구인,예다인아파트,경북 경산시 와촌면 금송로 325,2025-04-21,채용시까지
청하종합개발(주)기전주임,진천역대성스카이렉스,대구시 달서구 월배로 80(지하철 1호선 진천역 바로 앞),2025-04-21,채용시까지
[동우씨엠(주)]시설책임(과장),동우 / 신서화성파크드림,대구시 동구 반야월북로 221,2025-04-21,채용시까지
【상일종합관리】과장 구인,신당한화꿈에그린,대구광역시 달서구 달서대로719,2025-04-18,2025-05-02
[나라솔루션]월배라온프라이빗디엘 전기과장 구인공고,월배라온프라이빗디엘,대구시 달서구 월배로 159,2025-04-18,채용시까지
[동우씨엠(주)]시설책임(과장),동우 / 월성코오롱하늘채,대구 달서구 조암남로16길 19,2025-04-18,채용시까지
[명성티엠에스]시설과장,동대구 푸르지오 브리센트,대구시 동구 효목로5길 55,2025-04-18,채용시까지
(주)굿모닝이엔씨기전과장(격일),동대구역 엘크루 더센트럴,대구 동구 신암남로 111,2025-04-18,채용시까지
(주)목성엔지니어링**목성  범물서한화성타운 기전과장 구인공고**,범물서한화성타운,대구시 수성구 지범로40길 11,2025-04-17,2025-04-24
【상일종합관리】과장 구인,범어아이파크,대구 수성구 동대구로 230,2025-04-17,2025-04-30
[동우씨엠(주)]시설책임(과장),대실역리슈빌3단지,대구 달성군 다사읍 대실남로 33,2025-04-17,채용시까지
로이안 H&F기전과장 /시설대리  구인 채용 공고,힐스테이트 달성공원역,대구 중구 태평로 41,2025-04-16,채용시까지
(주)굿모닝이엔씨기전과장,진천역AK그랑폴리스2차,대구 달서구 월배로51,2025-04-16,채용시까지
[명성티엠에스]시설과장,힐스테이트 동인 아파트,대구시 중구 동인동1가 211번지 일원,2025-04-16,채용시까지
[명성티엠에스]관리소장(과장),힐스테이트 동인 오피스텔/상가,대구시 중구 동인동1가 211번지 일원,2025-04-16,채용시까지
전기과장,테크노폴리스 하나리움퀸즈파크,"대구 달성군 유가읍 테크노북로 164 (봉리, 하나리움퀸즈파크)",2025-04-16,채용시까지
(주)목성엔지니어링** 목성 범어청구하이츠 관리과장 구인공고**,범어청구하이츠,대구시 수성구 청호로84안길 2,2025-04-16,2025-04-23
자치관리기전과장,노변동서우방타운,대구광역시 수성구 노변공원로 22,2025-04-16,2025-07-07
(주)목성엔지니어링**목성 국가산단디에트르더센트럴 기전과장 구인공고**,국가산단디에트르더센트럴,대구광역시 달성군 국가산단대로70길 17,2025-04-15,2025-04-22
【상일종합관리】관리과장 구인,봉덕2차화성파크드림,대구시 남구 대덕로 161,2025-04-15,2025-04-29
【상일종합관리】과장 구인,e편한세상복현,대구시 북구 동북로 247,2025-04-15,2025-04-30
[동우씨엠(주)]시설주임,칠곡화성센트럴파크,대구시 북구 대천로 100,2025-04-15,채용시까지
(주)굿모닝이엔씨전기과장,대구역자이더스타,대구 북구 칠성동2가 500-2번지,2025-04-14,채용시까지
◈(주)한보주택관리◈관리과장 구인,경북도청호반베르디움1차,경북 예천군 호명읍 행복로 215,2025-04-14,채용시까지
[나라솔루션]수성뷰웰리버파크,수성뷰웰리버파크,대구시 수성구 중동 485-1,2025-04-14,채용시까지
자체 관리시설관리자(시설과장),범어타워(사무용오피스텔),대구시 수성구 동대구로 390. 범어타워 1910호,2025-04-14,2025-04-25
◈(주)한보주택관리◈전기과장 구인,대곡한라하우젠트,대구시 달서구 비슬로 2724,2025-04-14,채용시까지
(주)굿모닝이엔씨전기과장(격일),더파크 수성못,대구 수성구 지산동 1055-1,2025-04-14,채용시까지
[명성티엠에스]관리원(주간),일신테크노밸리 지식산업센터,대구시 달서구 달서대로 555 (신당동) 2층,2025-04-14,채용시까지
청하종합개발(주)기전과장,옥포지구서한이다음,대구시 달성군 돌미로6길 5,2025-04-14,2025-04-18
KR서비스(주)관리과장(주간),앞산리슈빌앤리마크1단지,대구시 남구 안지랑로73,2025-04-14,채용시까지
자치관리전기과장,나래마을,대구시 달서구 한실로 29,2025-04-11,2025-04-24
[동우씨엠(주)]시설책임,동우 / 본리2차롯데캐슬,대구 달서구 대명천로 119,2025-04-11,채용시까지
[동우씨엠(주)]시설책임,동우 / 비산한신휴플러스,대구 서구 달서로 17길 17,2025-04-11,채용시까지
(주)휴먼피플영천문내 대동다숲아파트 관리과장 구인,영천문내 대동다숲아파트,"경북 영천시 중앙동1길 102-10,11",2025-04-09,채용시까지
[동우씨엠(주)]시설책임(과장),동우 / 녹원맨션,대구 수성구 무학로 189,2025-04-09,채용시까지
【상일종합관리】과장 구인,연경동화아이위시,대구시 북구 동화천로 190,2025-04-09,2025-04-23
관리과장,죽곡휴먼시아1단지,대구시 달성군 다사읍 대실역북로1길 6,2025-04-09,채용시까지
관리주임,하양코아루3차,하양읍 하양로37길 33,2025-04-09,채용시까지
(주)굿모닝이엔씨시설대리(일근/기계중급),달서SK VIEW,대구 달서구 용산로 40,2025-04-09,채용시까지
관리소장및 전기안전관리자,반월당아너스제네스타워 오피스텔,중구 중앙대로312,2025-04-09,채용시까지
(주)휴먼피플(주)휴먼피플/영천망정주공1단지 전기과장 구인,영천 망정주공1단지,경북 영천시 동부로 40,2025-04-08,채용시까지
(주)굿모닝이엔씨기전과장(격일),진천역AK그랑폴리스2차,대구 달서구 월배로51,2025-04-08,채용시까지
(주)목성엔지니어링**목성 국가산단디에트르더센트럴 기전과장 구인공고**,국가산단디에트르더센트럴,대구광역시 달성군 국가산단대로70길 17,2025-04-08,2025-04-15
우진종합관리(주)관리소장(건물관리),감삼스퀘어,대구 달서구 달구벌대로 1666,2025-04-08,2025-04-11
◈(주)한보주택관리◈관리과장(1명),서대구역센텀화성파크드림,대구시 서구 평리동 1502-1,2025-04-07,채용시까지
[동우씨엠(주)]시설책임(과장),동우 / 대실역리슈빌3단지,대구 달성군 다사읍 대실남로 33,2025-04-07,채용시까지
(주)목성엔지니어링**목성 범어동일하이빌 기전과장 구인공고**,범어동일하이빌,대구수성구 동대구로 52길 55,2025-04-07,2025-04-14
◈(주)한보주택관리◈시설기사 구인,대구역센트럴자이,대구시 중구 서성로 99,2025-04-04,채용시까지
[명성티엠에스]관리소장(과장),만촌역 태왕디아너스 애비뉴,대구시 수성구 달구벌대로 2599(만촌동),2025-04-04,채용시까지
기전과장,효성타운,대구광역시 남구 효성중앙길 37,2025-04-04,채용시까지
【상일종합관리】과장 구인,신천LH,대구시 동구 동부로 1,2025-04-04,2025-04-18
◈(주)한보주택관리◈전기과장 구인,대곡한라하우젠트,대구시 달서구 비슬로 2724,2025-04-03,채용시까지
[나라솔루션]시지코오롱하늘채스카이뷰 기전주임 구인공고,시지코오롱하늘채스카이뷰,대구시 수성구 고산로 101,2025-04-03,채용시까지
[동우씨엠(주)]소방선임,동우 / 수성SK리더스뷰,대구 수성구 동대구로 95,2025-04-03,채용시까지
【상일종합관리】과장 구인(긴급!!!),대구역센트럴대원칸타빌,대구시 중구 태평로 224,2025-04-03,2025-04-17
[동우씨엠(주)]시설주임,동우 / 칠곡 화성센트럴파크,대구시 북구 대천로 100,2025-04-03,채용시까지
소방과장(1급 대상지),아너스제네스 오피스텔,중구 중앙대로 312,2025-04-03,채용시까지
[나라솔루션]칠곡왜관월드메르디앙웰리지 전기과장 구인공고,칠곡왜관월드메르디앙웰리지,경북 칠곡군 왜관읍 금산로 3길 35,2025-04-02,채용시까지
청하종합개발(주)기전과장,옥포지구서한이다음,대구시 달성군 돌미로6길 5,2025-04-02,2025-04-18
(주)이오티앤디조경주임,테크노중흥S클래스포디움,대구 달성군 유가읍 테크노순환로423,2025-04-02,채용시까지
(주)굿모닝이엔씨시설대리,달서SK VIEW,대구 달서구 용산로 40,2025-04-02,채용시까지
【상일종합관리】평리푸르지오 1단지 과장 구인,평리푸르지오 1단지,대구시 서구 국채보상로50길 20,2025-04-01,2025-04-15
자치관리★별메마을 관리대리 구인★,별메마을,대구시 달서구 도원로46,2025-04-01,채용시까지
[나라솔루션]동대구에일린의뜰 시설계장 구인공고,동대구에일린의뜰,대구시 동구 아양로9길 35,2025-04-01,채용시까지
"◈(주)한보주택관리◈관리과장(1명), 시설기사(1명)",서대구역센텀화성파크드림,대구시 서구 평리동 1502-1,2025-03-31,채용시까지
【상일종합관리】과장 구인,신천LH,대구시 동구 동부로 1,2025-03-31,2025-04-14
[동우씨엠(주)]시설책임(과장),동우 / 대현한신휴플러스,대구 북구 대현남로25,2025-03-31,채용시까지
(주)굿모닝이엔씨관리과장,범어센트럴푸르지오,대구 수성구 상록로 15,2025-03-31,채용시까지
동우씨엠(주)관리과장,복현3차서한이다음,대구시 북구 복현로 130,2025-03-28,2025-04-10
(주)맨투맨써비스전기과장 구인공고 (고령자 가능),지산영남맨션,대구광역시 수성구 지산동 1257-1 지산영남맨션,2025-03-28,채용시까지
(주)굿모닝이엔씨기전주임(기계중급),센트럴파크대현,대구 북구 대현남로6길20,2025-03-28,2025-04-09
『맨투맨써비스』관리과장,다사역삼정그린코아더베스트,대구시 달성군 다사읍 매곡로14길 8,2025-03-28,채용시까지
"[동우씨엠(주)]시설책임(과장), 설비책임(과장)",동우 / 월드마크웨스트엔드,대구시 달서구 와룡로 169,2025-03-28,채용시까지
(주)굿모닝이엔씨전기과장,모아미래도 에듀﻿퍼스트,대구 달성군 구지면 국가산단대로 70길 42,2025-03-28,채용시까지
(주)굿모닝이엔씨시설대리,달서SK VIEW,대구 달서구 용산로 40,2025-03-27,채용시까지
[명성티엠에스]기전계장(긴급),메가시티 태왕아너스 아파트,대구시 달성군 다사읍 궁산2길 12,2025-03-27,채용시까지
(주)목성엔지니어링** 목성 동촌역태왕아너스르네상스 기전과장 구인공고**,동촌역태왕아너스르네상스,대구 동구 동촌로 100,2025-03-27,2025-04-03
★자치관리★★기전차장★,신세계타운,대구광역시 수성구 신천동로 320,2025-03-27,채용시까지
(주)광명티엠씨전기과장 1명 구인,수성3가롯데캐슬,대구광역시 수성구 명덕로 465,2025-03-27,채용시까지
[동우씨엠(주)]시설책임(과장),동우 / 대현e편한세상,대구 북구 대현로10길 82,2025-03-27,채용시까지
『맨투맨써비스』시설기사 모집,대구오페라스위첸,대구광역시 북구 칠성남로 70,2025-03-26,채용시까지
(주)이오티앤디조경주임,테크노중흥S클래스포디움,대구 달성군 유가읍 테크노순환로 423,2025-03-26,채용시까지
명성티엠에스【기전주임】,대구국가산단 반도유보라 아이비파크3.0,대구시 달성군 구지면 국가산단북로 34길 10,2025-03-25,채용시까지
대주주택관리(주)관리계장,진천코오롱하늘채,대구시 달서구 상화로 65,2025-03-25,2025-04-07
[나라솔루션]시지코오롱하늘채스카이뷰 기전주임 구인공고,시지코오롱하늘채스카이뷰,대구시 수성구 고산로 101,2025-03-25,채용시까지
[동우씨엠(주)]시설책임(과장),동우 / 팰리스부영1단지,경북 경산시 삼성현로 91길 9,2025-03-25,채용시까지
[동우씨엠(주)]시설주임,동우 / 대구역서희스타힐스,대구광역시 북구 칠성남로 101,2025-03-25,채용시까지
[명성티엠에스]시설과장,동성로SK리더스뷰,대구시 중구 공평로 36,2025-03-25,채용시까지
◈(주)한보주택관리◈전기과장 구인,영천인터불고코아루,경상북도 영천시 창신1길 42,2025-03-25,채용시까지
『맨투맨써비스』관리과장 모집,다사역삼정그린코아더베스트,대구시 달성군 다사읍 매곡로14길 8,2025-03-25,채용시까지
『맨투맨써비스』관리과장 모집,대구오페라스위첸,대구광역시 북구 칠성남로 70,2025-03-24,채용시까지
[명성티엠에스]기전과장,힐스테이트 대구역 퍼스트2차,대구시 중구 태평로3가 211-1번지 일원,2025-03-24,채용시까지
(주)목성엔지니어링** 목성 동촌역태왕아너스르네상스 기전과장 구인공고**,동촌역태왕아너스르네상스,대구 동구 동촌로 100,2025-03-24,2025-03-31
【상일종합관리】과장 구인(긴급!!!),매천센트럴파크,대구시 북구 매전로4길 9,2025-03-21,2025-04-04
자치관리기전과장 채용,동화훼밀리타운,대구 북구 칠곡중앙대로95길11,2025-03-21,채용시까지
【상일종합관리】전기과장 구인,대구역센트럴대원칸타빌,대구시 중구 태평로 224,2025-03-21,2025-04-04
【상일종합관리】소방계장 구인,대구역센트럴대원칸타빌,대구시 중구 태평로 224,2025-03-21,2025-04-04
"[동우씨엠(주)]시설책임, 시설선임, 시설주임, 시설기사",동우 / 수성범어W오피스텔,대구광역시 수성구 달구벌대로 2436,2025-03-21,채용시까지
【상일종합관리】과장 구인(긴급!!),경산부영조은마을,경북 경산시 경산로 21,2025-03-21,2025-03-27
(주)목성엔지니어링** 목성 대실역이편한세상 기전과장 구인공고**,대실역이편한세상,대구 달성군 죽곡 1길 42,2025-03-21,2025-03-28
(주)광명티엠씨전기과장구인,경산귀빈타운,경산시 대학로 12길 24,2025-03-21,채용시까지
[동우씨엠(주)]시설책임(과장),동우 / 만촌화성파크스위트,대구광역시 수성구 화랑로 34길 141,2025-03-21,채용시까지
"코원주식회사동대구역화성파크드림 오피스텔,상가 시설주임 1명 구인",동대구역화성파크드림,대구광역시 동구 동대구로 590,2025-03-21,채용시까지
【상일종합관리】관리과장 구인,안심역우방아이유쉘,대구 동구 금강로 21길 10,2025-03-21,2025-03-31
전기안전관리자 모집1명,(주)현대이티에스,대구시 달서구 학산로7안길 79,2025-03-20,채용시까지
청하종합개발(주)(긴급)전기과장,우방드림시티,대구시 달서구 장기로 242,2025-03-20,채용시까지
(주)굿모닝이엔씨기전과장,진천역AK그랑폴리스2차,대구 달서구 월배로51,2025-03-20,채용시까지
(주)굿모닝이엔씨기전과장,월성서한이다음,대구 달서구 학산로 15,2025-03-20,채용시까지
대호안전관리공사관리주임  -긴급-,연경숲아파트,대구 북구 연경중앙로 55,2025-03-19,2025-03-23
(주)목성엔지니어링**목성 범어동일하이빌 기전과장 구인공고**,범어동일하이빌,대구수성구 동대구로 52길 55,2025-03-19,2025-03-26
자치관리★별메마을 전기과장 구인★,별메마을,대구 달서구 도원로 46,2025-03-19,채용시까지
(주)목성엔지니어링**목성 시지6차태왕리더스 시설주임 구인공고**,시지6차태왕리더스,대구광역시 수성구 달구벌대로669길 70,2025-03-19,2025-03-26
자치관리기전차장,신세계타운,대구광역시 수성구 신천동로 320,2025-03-19,채용시까지
관리소장겸 전기 안전관리자1명,반월당아너스제네스 오피스텔,중구 중앙대로 312 번지,2025-03-19,채용시까지
[나라솔루션]빌리브파크뷰 시설주임 구인공고,빌리브파크뷰,대구시 달서구 두류동 474-5,2025-03-18,채용시까지
(주)한국티씨엠전기과장,용산롯데캐슬그랜드,대구시 달서구 장산남로 33,2025-03-18,채용시까지
[동우씨엠(주)]시설책임(과장),동우 / 대곡역화성파크드림위드,대구광역시 달서구 비슬로 2734,2025-03-18,채용시까지
자치관리기전과장 채용,동화훼밀리타운,대구 북구 칠곡중앙대로95길11,2025-03-18,채용시까지
"(주)굿모닝이엔씨기전과장,설비대리,소방안전관리자",대구역자이더스타,대구 북구 칠성동2가 500-2,2025-03-18,채용시까지
(주)광명티엠씨관리(전기)과장 구인,수성포레스트스위첸,대구시 수성구 파동로 30길 30,2025-03-18,채용시까지
"◈(주)한보주택관리◈관리과장(1명), 시설기사(1명)",서대구역센텀화성파크드림,대구시 서구 평리동 1502-1,2025-03-18,채용시까지
기전과장 구인,효성타운(자치),대구광역시 남구 효성중앙길 37,2025-03-18,채용시까지
(주)맨투맨써비스관리과장,대구역오페라W,대구 북구 칠성남로50 대구역오페라W,2025-03-17,채용시까지
(주)목성엔지니어** 목성 대실역이편한세상 기전과장 구인공고**,대실역이편한세상,대구 달성군 죽곡 1길 42,2025-03-17,2025-03-21
【상일종합관리】과장 구인,펜타힐즈푸르지오,경북 경산시 펜타힐즈2로 20,2025-03-14,2025-03-28
자치관리기전주임,노변동서우방타운,"대구 수성구 노변공원로 22 (시지동, 노변동서우방타운)",2025-03-14,2025-03-21
【상일종합관리】관리과장 구인,안심역우방아이유쉘,대구 동구 금강로 21길 10,2025-03-14,2025-03-31
【상일종합관리】과장 구인,신천LH,대구시 동구 동부로 1,2025-03-13,2025-03-31
[나라솔루션]두류중흥S클래스센텀포레 기전주임 구인공고,두류중흥S클래스센텀포레,대구시 달서구 두류길 107,2025-03-13,채용시까지
우리관리주식회사전기과장,동대구역 센텀 화성파크드림,대구광역시 동구 아양로 133,2025-03-13,채용시까지
"[동우씨엠(주)]시설책임, 시설주임 채용",동우 / 대구역 서희스타힐스,대구광역시 북구 칠성남로 101,2025-03-13,채용시까지
【상일종합관리】과장 구인,성서청남타운,대구시 달서구 성서서로 330,2025-03-13,2025-03-27
(주)굿모닝이엔씨전기과장,죽곡푸르지오2단지,대구 달성군 다사읍 대실역남로 93,2025-03-12,채용시까지
[동우씨엠(주)]시설책임(과장),만촌화성파크스위트,대구광역시 수성구 화랑로 34길 141,2025-03-12,채용시까지
【상일종합관리】과장 구인(긴급!!),경산부영조은마을,경북 경산시 경산로 21,2025-03-12,2025-03-26
[동우씨엠(주)]시설주임,동우 / 명곡미래빌3단지,대구 달성군 화원읍 명곡로 30,2025-03-12,채용시까지
[동우씨엠(주)]시설선임,동우 / 대구금호LH천년나무5단지,대구 북구 내곡로 69,2025-03-12,채용시까지
(주)이오티앤디조경주임,중흥S클래스포디움,대구 달성군 유가읍 테크노순환로423,2025-03-11,채용시까지
(주)광명티엠씨전기대리 긴급구인(격일제 전기선임 무제한),수성 포레스트 스위첸,대구시 수성구 파동로30길 30,2025-03-11,채용시까지
(주)굿모닝이엔씨기전과장,진천역AK그랑폴리스2차,대구 달서구 월배로51,2025-03-10,채용시까지
(주)광명티엠씨수정한양아파트 전기과장 구인,수정한양아파트,대구시광역시 북구 구암로 17,2025-03-10,채용시까지
목성엔지니어링* 목성 * 범물청아타운 / 기전과장 구인공고,범물청아타운,대구 수성구 범안로 40,2025-03-10,2025-03-22
자치관리기전차장,신세계타운,대구 수성구 신천동로 320,2025-03-10,채용시까지
[명성티엠에스]시설과장,빌리브루센트,대구시 북구 칠성동2가 302-125번지 일원,2025-03-10,채용시까지
청하종합개발(주)기전과장,상인자이 아파트,대구광역시 달서구 상원로 142,2025-03-10,채용시까지
(주)맨투맨써비스전기과장 구인공고 (고령자 가능),지산영남맨션,대구광역시 수성구 지산동 1257-1 지산영남맨션,2025-03-10,채용시까지
(주)한국티씨엠전기과장,용산롯데캐슬그랜드,대구시 달서구 장산남로 33,2025-03-10,채용시까지
자치관리★설비과장 구인★,별메마을,대구 달서구 도원로 46,2025-03-10,채용시까지
[동우씨엠(주)]시설책임(과장),동우 / 녹원맨션,대구 수성구 무학로 189,2025-03-07,채용시까지
(주)휴먼피플영천문내 대동다숲아파트 관리과장 구인,영천문내 대동다숲아파트,"경북 영천시 중앙동1길 102-10,11",2025-03-07,채용시까지
【상일종합관리】과장 구인(긴급!!!),성서한빛마을,대구 달서구 선원남로 99,2025-03-07,2025-03-16
【상일종합관리】과장 구인,용계역푸르지오아츠베르1단지,대구시 동구 화랑로 108길 42,2025-03-07,2025-03-31
[명성티엠에스]기전과장,힐스테이트 대구역 퍼스트1차,대구시 중구 태평로 100-1,2025-03-07,채용시까지
자치관리★설비과장 구인★,별메마을,대구광역시 달서구 도원로46,2025-03-07,채용시까지
(주)굿모닝이엔씨기전과장,SD아이프라임 강북,대구 북구 칠곡중앙대로 125길 7,2025-03-07,채용시까지
【상일종합관리】과장 구인,성서청남타운,대구시 달서구 성서서로 330,2025-03-06,2025-03-20
【상일종합관리】과장 구인,힐스테이트 다사역,대구시 달성군 매곡로 12길 22,2025-03-05,2025-03-19
『맨투맨써비스』전기과장 모집,죽전역태왕아너스,대구광역시 달서구 와룡로 111,2025-03-05,채용시까지
(주)한국티씨엠기전주임,지산타운,대구시 수성구 용학로 303,2025-03-05,채용시까지
강남씨스템(주)관리과장,동호상록아파트,대구시 동구 동호로 47,2025-03-05,채용시까지
【상일종합관리】평리푸르지오 3단지 과장 구인,평리푸르지오 3단지,대구시 서구 국채보상로50길 20,2025-03-05,2025-03-19
전기과장님 모심,달서SK VIEW,대구광역시 달서구 용산로 40 (본리동) 달서SK뷰,2025-03-04,2025-03-14
[동우씨엠(주)]시설책임(과장),동우 / 복현건영,대구광역시 북구 검단로 28,2025-03-04,채용시까지
기전기사 구인,월드마크상가,"대구 달서구 와룡로 169, 판매시설동 106동 b1층",2025-03-04,2025-03-05
(주)한국티씨엠기전과장,사월보성2차,수성구 사월동,2025-02-28,채용시까지
남부건업(주)관리과장 구인,더샵거창포르시엘아파트,경남 거창군 거창읍 거열로8길 76,2025-02-28,채용시까지
(주)굿모닝이엔씨기전과장,진천역AK그랑폴리스2차,대구 달서구 월배로51,2025-02-28,채용시까지
[명성티엠에스]시설과장,포항펜타시티 동화아이위시,경북 포항시 북구 흥해읍 대련리 1381 일원,2025-02-27,채용시까지
기전계장 모집,우방죽전타운,대구시 달서구 용산로160,2025-02-27,채용시까지
[명성티엠에스]관리소장(과장),힐스테이트도원센트럴 오피스텔/상가,대구시 중구 태평로 50,2025-02-26,채용시까지
[나라솔루션]수성자이르네 격일제 전기과장 구인공고,수성자이르네,대구시 수성구 수성로57길 14,2025-02-26,채용시까지
【상일종합관리】과장 구인(긴급!!),오페라코오롱하늘채,대구광역시 북구 중앙대로 540,2025-02-26,2025-03-09
[동우씨엠(주)]시설책임(과장),동우 / 죽곡삼정그린코아더베스트,대구광역시 달성군 다사읍 다사로 50,2025-02-25,채용시까지
[나라솔루션]더센트럴화성파크드림 전기과장 구인 공고,더센트럴화성파크드림,대구시 동구 신천동 301-2번지,2025-02-24,채용시까지
【상일종합관리】전기과장 구인,진로이스트타운,대구시 동구 아양로 218,2025-02-24,2025-03-10
(주)한국티씨엠관리실장,캐슬골드파크 4단지,수성구 황금동,2025-02-24,채용시까지
(주)광명티엠씨수정한양아파트 전기과장 구인,수정한양아파트,대구시광역시 북구 구암로 17,2025-02-21,채용시까지
[동우씨엠(주)}시설책임(과장),동우 / 대곡역화성파크드림위드,대구광역시 달서구 비슬로 2734,2025-02-21,채용시까지
[동우씨엠(주)]시설책임(과장),동우 / 월배역라온프라이빗,대구 달서구 월배로 33길 53,2025-02-21,채용시까지
[명성티엠에스]전기과장,힐스테이트대명센트럴 아파트,대구시 남구 대명로 256,2025-02-21,채용시까지
(주)굿모닝이엔씨전기과장,진천역AK그랑폴리스2차,대구 달서구 월배로51,2025-02-21,채용시까지
【상일종합관리】시설기사 구인,중산하늘채더퍼스트,경상북도 경산시 경산로 280,2025-02-20,2025-03-09
(주)맨투맨써비스전기과장 구인공고 (고령자 가능),지산영남맨션,대구광역시 수성구 지산동 1257-1 지산영남맨션,2025-02-19,채용시까지
【상일종합관리】전기과장 구인(긴급!!!),진량호반써밋,경북 경산시 선항6길 30,2025-02-19,2025-03-09
자치관리전기계장,화원태왕타운,대구 달성군 화원읍 성화로 4길 13,2025-02-19,2025-02-24
(주)굿모닝이엔씨전기과장,진천역AK그랑폴리스2차,대구 달서구 월배로51,2025-02-19,채용시까지
기전과장 구인,효성타운(자치),대구광역시 남구 효성중앙길 37,2025-02-18,채용시까지
전기과장,영남네오빌아트,대구광역시 북구 동천로97,2025-02-18,2025-02-24
[명성티엠에스]시설과장,빌리브루센트,대구시 북구 칠성동2가 302-125번지,2025-02-18,채용시까지
【상일종합관리】과장 구인,수성더팰리스푸르지오더샵,대구시 수성구 파동로 188,2025-02-18,2025-03-18
【상일종합관리】평리푸르지오 3단지 과장 구인,평리푸르지오 3단지,대구시 서구 국채보상로50길 20,2025-02-18,2025-03-04
『맨투맨써비스』기전과장 구인,다사지역,,2025-02-18,채용시까지
[명성티엠에스]특급소방계장,힐스테이트 대명센트럴 오피스텔/상가,대구시 남구 대명로 256,2025-02-18,채용시까지
[명성티엠에스]관리소장(과장),힐스테이트 대명센트럴 오피스텔/상가,대구시 남구 대명로 256,2025-02-18,채용시까지
남부건업전기과장,옥포대성베르힐6단지,옥포대성베르힐6단지,2025-02-18,채용시까지
[동우씨엠(주)]시설책임(과장),동우 / 녹원맨션,대구 수성구 무학로 189,2025-02-17,채용시까지
한빛종합관리관리소장/직원님 모십니다.(이메일 제목에[하나스테이/소장] 꼭 기입해 주세요),keb하나스테이 오피스텔,대구광역시 중구 중앙대로435,2025-02-17,2025-02-16
"[명성티엠에스]기전과장, 특급소방계장","힐스테이트 대구역 퍼스트 1차,2차","1차 - 대구시 중구 태평로 100-1,  2차 - 대구시 중구 태평로3가 211-1번지",2025-02-17,채용시까지
◈(주)한보주택관리◈전기과장 구인,대곡한라하우젠트,대구시 달서구 비슬로 2724,2025-02-13,채용시까지
『(주)맨투맨써비스』전기과장 구인,해링턴플레이스동대구,대구광역시 동구 경대로 126 (신암동),2025-02-13,채용시까지
[동우씨엠(주)]시설책임(과장),동우 / 매천화성파크드림,대구 북구 매전로 17,2025-02-13,채용시까지
자치관리★별메마을 전기과장 구인★,별메마을주공6단지,대구광역시 달서구 도원로 46,2025-02-13,채용시까지
[동우씨엠(주)]시설책임(과장),동우 / 태왕아너스베스트,대구광역시 달서구 월배로33길117,2025-02-12,채용시까지
시설기사 모집,경산하양파인앤유더퍼스트,경북 경산시 하양읍 지식산업로 4길 8,2025-02-12,채용시까지
『맨투맨써비스』전기과장 구인,영천미소지움프리미엄,경북 영천시 완산6길 111,2025-02-12,채용시까지
자치관리기전주임,대곡강산타운,대구광역시 달서구 도원로 45(도원동),2025-02-12,2025-02-18
◈(주)한보주택관리◈(※급여인상※긴급※)기전과장 구인,성서한마음타운,대구시 달서구 선원남로 151,2025-02-12,채용시까지
【상일종합관리】과장 구인,힐스테이트 다사역,대구시 달성군 매곡로 12길 22,2025-02-12,2025-02-28
【상일종합관리】평리푸르지오 3단지 과장 구인,평리푸르지오 3단지,대구시 서구 국채보상로50길 20,2025-02-12,2025-02-28
(주)굿모닝이엔씨관리과장,각산푸르지오2단지,대구 동구 경안로 822,2025-02-11,채용시까지
【상일종합관리】과장 구인,수성더팰리스푸르지오더샵,대구시 수성구 파동로 188,2025-02-11,2025-02-25
청하종합개발(주)기전기사,우방드림시티,대구시 달서구 장기로 242,2025-02-10,채용시까지
【에스엘산업개발】관리과장 구인,대구역한라하우젠트센텀,대구광역시 북구 칠성남로100,2025-02-10,2025-03-01
"[나라솔루션]죽전역해링턴플레이스더베스트 전기과장, 기전주임 구인공고",죽전역해링턴플레이스더베스트,대구시 달서구 와룡로 33길 20,2025-02-10,채용시까지
(주)성보티씨에스전기과장구인,서재화진금봉타운,대구 달성군 다사읍 서재로120,2025-02-10,채용시까지
[동우씨엠(주)]시설책임(시설과장),동우 / 만촌화성파크스위트,대구광역시 수성구 화랑로 34길 141,2025-02-07,채용시까지
◈(주)한보주택관리◈(※급여인상※)기전과장 구인,성서한마음타운,대구시 달서구 선원남로 151,2025-02-07,채용시까지
기전과장,청운맨션(자치관리),"대구 중구 동덕로 33 (대봉동, 청운맨션아파트)",2025-02-06,2025-02-14
(주)굿모닝이엔씨시설계장,펜타힐즈더샵2차,경북 경산시 펜타힐즈2로 40,2025-02-06,채용시까지
(주)목성엔지니어링**목성 화성파크드림 구수산공원(입주단지) 시설과장 구인공고**,화성파크드림 구수산공원,대구시 북구 구암로21길 41,2025-02-06,2025-02-13
(주)굿모닝이엔씨기전과장,모아미래도 에듀퍼스트,대구 달성군 구지면 국가산단대로 70길 42,2025-02-06,채용시까지
명성티엠에스시설과장,동대구 푸르지오 브리센트,대구시 동구 효목로5길 55,2025-02-05,채용시까지
(주)굿모닝이엔씨관리과장,윤성1차타운,경북 경산시 진량읍 선화로20길 25,2025-02-05,채용시까지
전기과장 채용,영남네오빌아트,대구광역시 북구 동천로 97,2025-02-04,채용시까지
[나라솔루션]시지코오롱하늘채스카이뷰 전기과장 구인공고,시지코오롱하늘채스카이뷰,대구시 수성수 고산로 101,2025-02-04,채용시까지
명성티엠에스관리소장(과장),"힐스테이트 도원 센트럴 오피/상가,    만촌역 태왕아너스 애비뉴 상가",대구시 중구 태평로 50 / 대구시 수성구 달구벌대로 2599,2025-02-03,채용시까지
(주)굿모닝이엔씨【긴급】기전주임,수성롯데캐슬더퍼스트,대구 수성구 수성로 69길 65,2025-02-03,채용시까지
(주)굿모닝이엔씨시설주임,연경아이파크,대구 동구 동화천로 369,2025-02-03,채용시까지
(주)케이비엠주택관리특급소방안전관리자,수성 헤센더테라스 오피스텔,대구 수성구 청수로 24길 59,2025-02-03,채용시까지
"[나라솔루션]칠곡왜관월드메르디앙웰리지 전기과장, 기전주임 구인공고",칠곡왜관월드메르디앙웰리지,경북 칠곡군 왜관읍 금산리 823-5,2025-02-03,채용시까지
(주)상원에스앤씨성광우방타운/기전계장,성광우방타운,대구시 북구 호암로 20(칠성동),2025-02-03,2025-02-07
(주)굿모닝이엔씨시설과장,달성파크푸르지오 힐스테이트,대구시 중구 달성로 123,2025-02-03,채용시까지
◈(주)한보주택관리◈조경주임 구인,대구역센트럴자이,대구시 중구 서성로 99,2025-01-31,채용시까지
(주)목성엔지니어링**목성 하양롯데2차낙천대 전기과장 구인공고**,하양롯데2차낙천대,경상북도 경산시 대학로295길 26,2025-01-31,2025-02-07
(주)목성엔지니어링** 목성 침산화성파크드림 방재(소방)과장 채용 공고 **,침산화성파크드림,대구광역시 북구 성북로70,2025-01-31,2025-02-07
【상일종합관리】과장 구인,과학마을청아람,대구광역시 달성군 구지면 과학마을로 70,2025-01-31,채용시까지
【상일종합관리】과장 구인,e편한세상월배,대구광역시 달서구 월성로 132,2025-01-31,채용시까지
한국티씨엠기전과장,성서6-1 금빛마을,달서구 성지로 35,2025-01-30,채용시까지
[나라솔루션]동대구에일린의뜰 기전주임 구인공고,동대구에일린의뜰,대구시 동구 아양로9길 35,2025-01-24,채용시까지
(주)상일종합관리평리푸르지오 3단지 과장 구인,평리푸르지오,대구시 서구 국채보상로50길 20,2025-01-24,2025-02-28
(주)굿모닝이엔씨관리소장,범어 더블유 오피스텔,대구 수성구 범어동 189-3,2025-01-24,채용시까지
[동우씨엠(주)]시설책임(과장),동우 / 월배역 라온프라이빗,대구 달서구 월배로 33길 53,2025-01-23,채용시까지
(주)굿모닝이엔씨전기과장,진천역AK그랑폴리스2차,대구 달서구 월배로51,2025-01-22,2025-02-15
청하종합개발(주)(긴급) 관리과장,우방드림시티,대구시 달서구 장기로 242,2025-01-22,채용시까지
(주)목성엔지니어링** 목성 침산화성파크드림 방재(소방)과장 채용 공고 **,침산화성파크드림,대구광역시 북구 성북로70,2025-01-22,2025-01-31
기전과장 모집,우방죽전타운,대구시 달서구 용산로160,2025-01-22,채용시까지
[동우씨엠(주)]시설주임,동우 / 메트로팔레스3단지,대구 수성구 동원로 110,2025-01-21,채용시까지
[동우씨엠(주)]시설주임,동우 / 대현뜨란채,대구 북구 대현남로 28,2025-01-21,채용시까지
명성티엠에스시설과장,빌리브루센트,대구시 북구 칠성동2가 302-125번지,2025-01-21,채용시까지
맨투맨써비스관리과장,왜관우방타운,경상북도 칠곡군 왜관읍 중앙로 117,2025-01-21,2025-01-31
[나라솔루션]시지코오롱하늘채스카이뷰 전기과장 구인공고,시지코오롱하늘채스카이뷰,대구시 수성구 고산로 101,2025-01-20,채용시까지
(주)성보티씨에스관리과장,서재화진금봉타운,대구 달성군 다사읍 서재로,2025-01-20,채용시까지
(주)굿모닝이엔씨시설주임,월배1차 아이파크,대구 달서구 조암남로 182,2025-01-20,채용시까지
[나라솔루션]성당태왕아너스메트로 격일제 전기과장 구인공고,성당태왕아너스메트로,대구시 달서구 대명천로 33,2025-01-20,채용시까지
(주)목성엔지니어링**목성 하양롯데2차낙천대 전기과장 구인공고**,하양롯데2차낙천대,경상북도 경산시 대학로295길 26,2025-01-17,2025-01-31
명성티엠에스관리소장(과장),만촌역 태왕디아너스 애비뉴 상가,대구시 수성구 달구벌대로 2599(만촌동),2025-01-17,채용시까지
【상일종합관리】과장 구인(긴급!!),오페라코오롱하늘채,대구광역시 북구 중앙대로 540,2025-01-16,2025-01-30
자치관리기전기사,칠곡우방타운,대구광역시 북구 칠곡중앙대로 115길 24,2025-01-16,채용시까지
우진종합관리관리소장 (건물관리),감삼스퀘어,대구 달서구 달구벌대로 1666,2025-01-15,2025-01-31
자치관리기전과장구인,경산서부3차부영아파트,경북 경산시 강변서로 17,2025-01-15,채용시까지
【상일종합관리】과장 구인,경산하양코아루1차,경북 경산시 하양로37길 17,2025-01-15,2025-01-29
(주)한국티씨엠전기과장 구인,사월보성2차타운,수성구 사월동,2025-01-15,채용시까지
[나라솔루션]동대구2차비스타동원 기전주임 / 죽전역해링턴플레이스더베스트 기전주임 구인공고,동대구2차비스타동원 / 죽전역해링턴플레이스더베스트,대구시 동구 효목동 / 달서구 감삼동,2025-01-15,채용시까지
(주)제산기전기사,월성e편한세상아파트,대구광역시 달서구 조암남로 10,2025-01-14,채용시까지
【상일종합관리】과장 구인,과학마을청아람,대구광역시 달성군 구지면 과학마을로 70,2025-01-14,2025-01-31
명성티엠에스기전주임,테크노폴리스 예미지 애비뉴스완 상가,대구시 달성군 유가읍 테크노북로 260,2025-01-13,채용시까지
명성티엠에스시설과장,힐스테이트 대명 센트럴,대구시 남구 대명로 256,2025-01-13,채용시까지
[나라솔루션]대구오페라스위첸 기전주임 구인공고(급구!!),대구오페라스위첸,대구 북구 칠성남로 14길 14,2025-01-13,채용시까지
[동우씨엠(주)]시설책임(과장),동우/ 월배역라온프라이빗,대구 달서구 월배로33길 53,2025-01-13,채용시까지
【상일종합관리】과장 구인,연경동화아이위시,대구광역시 북구 동화천로 190,2025-01-13,2025-01-31
(주)상원에스앤씨성광우방타운/기전계장,성광우방타운,대구시 북구 호암로 20(칠성동),2025-01-13,2025-01-17
◈(주)한보주택관리◈관리팀장(전기)구인,두산위브2001,"대구시 북구 매천로2길 19, 두산위브2001 관리사무소",2025-01-10,채용시까지
【상일종합관리】과장 구인(긴급!!!)(급여수정),엑소디움센트럴동인,대구 중구 국채보상로139길 40,2025-01-10,2025-01-26
【상일종합관리】과장 구인,힐스테이트 도원 센트럴,대구광역시 중구 태평로 50,2025-01-10,2025-01-31
(주)목성엔지니어링**목성 범어동일하이빌 기전과장 구인공고**,범어동일하이빌,대구수성구 동대구로 52길 55,2025-01-10,2025-01-17
명성티엠에스시설팀장,수성구 지역,,2025-01-09,채용시까지
대주주택관리(주)전기과장 구인,신천역 센트럴리버파크,대구시 동구 동부로 26,2025-01-09,2025-01-15
【상일종합관리】격일제 기사 구인,중방e편한2단지/중산하늘채,중방동 / 중산동,2025-01-09,2025-01-31
(주) 이랜드기계초급 (주간 시설주임),이랜드PEER대명점,대구시남구 명덕로 142(대명동) 1단지 지하1층 관리센터,2025-01-09,2025-01-12
(주)굿모닝이엔씨기전주임(소방1급),오페라삼정그린코아더베스트,대구 북구 침산로 100,2025-01-08,채용시까지
[나라솔루션]성당태왕아너스메트로 전기과장 구인공고(급구),성당태왕아너스메트로,대구 달서구 대명천로33,2025-01-08,채용시까지
"[나라솔루션]칠곡왜관월드메르디앙 전기과장, 기전주임 구인공고",칠곡왜관월드메르디앙,경상북도 칠곡군 왜관읍 금산리 823-5,2025-01-08,채용시까지
[나라솔루션]대구오페라스위첸 기전주임 구인공고,대구오페라스위첸,대구 북구 칠성남로 14길 14,2025-01-07,채용시까지
우리관리주식회사시설주임,경산하양우미린에코포레,경산시 하양읍 서사도리로71,2025-01-07,채용시까지
【상일종합관리】과장 구인,테크노폴리스예미지더센트럴,대구시 달성군 유가읍 테크노북로260,2025-01-07,채용시까지
[나라솔루션]만촌역서한포레스트 기전대리 구인공고,만촌역서한포레스트,대구 수성구 만촌동 1040-14번지,2025-01-07,채용시까지
[동우씨엠(주)]시설책임(과장),동우 / 팰리스부영1단지,경북 경산시 삼성현로 91길 9,2025-01-07,채용시까지
◈(주)한보주택관리◈기전기사 구인,칠곡그린빌3주공,대구 북구 구암서로 41,2025-01-07,채용시까지
자치관리전기주임,지산현대아파트,대구광역시 수성구 지범로 22길20,2025-01-06,2025-01-12
『맨투맨써비스』전기과장 구인공고,영주남산현대,경상북도 영주시 구성로 142번길 20,2025-01-06,채용시까지
[나라솔루션]시지코오롱하늘채스카이뷰 전기과장 구인공고,시지코오롱하늘채스카이뷰,대구시 수성구 고산로 101,2025-01-06,채용시까지
(주)굿모닝이엔씨기전과장,더샵수성라크에르,대구 수성구 지산로3길 33,2025-01-06,채용시까지
명성티엠에스관리소장(과장),만촌역태왕디아너스 애비뉴 상가,대구시 수성구 달구벌대로 2599(만촌동),2025-01-06,채용시까지
목성엔지니어링**목성** 범어동일하이빌 기전과장 구인공고,범어동일하이빌,대구수성구 동대구로 52길 55,2025-01-06,2025-01-10
자치관리기전과장 채용,동화훼밀리타운,대구 북구 칠곡중앙대로95길11,2025-01-03,채용시까지
관리과장,상인동화태왕한양타운,대구광역시 달서구 상인서로 94,2025-01-03,채용시까지
대주주택관리(주)전기과장 구인,신천역센트럴리버파크,대구시 동구 동부로 26,2025-01-03,2025-01-09
관리과장,죽곡휴먼시아1단지,대구시 달성군 다사읍 대실역북로1길 6,2025-01-03,채용시까지
명성티엠에스시설팀장,수성구 지역,,2025-01-02,채용시까지
【상일종합관리】기사 구인,테크노폴리스예미지더센트럴,대구시 달성군 유가읍 테크노북로 260,2025-01-02,채용시까지
[나라솔루션]성당태왕아너스메트로 격일제 전기과장 / 월배라온프라이빗디엘 기전주임 구인공고,성당태왕아너스메트로 / 월배라온프라이빗디엘,대구 달서구 대명천로33 / 대구 달서구 진천동 42-3번지,2025-01-02,채용시까지
(주)휴먼피플경산 삼북주공아파트 전기과장 구인,경산 삼북주공아파트,경북 경산시 장산로 152,2025-01-02,채용시까지
[나라솔루션]월배라온프라이빗디엘 전기과장 구인공고,월배라온프라이빗디엘,대구 달서구 진천동 42-3번지 일원,2024-12-31,채용시까지
"[나라솔루션]전기과장, 기전주임 채용공고",더센트럴화성파크드림,대구광역시 동구 신천동 301-2,2024-12-31,채용시까지
"[나라솔루션]전기과장, 기전주임 채용공고",칠곡왜관월드메르디앙웰리지,경상북도 칠곡군 왜관읍 금산리 823-5,2024-12-31,채용시까지
(주)굿모닝이엔씨관리과장,윤성1차타운,경북 경산시 진량읍 선화로20길 25,2024-12-31,채용시까지
(주)굿모닝이엔씨기전과장,해링턴플레이스 더반월당,대구 중구 중앙대로61길 28-6,2024-12-31,채용시까지
[동우씨엠(주)]시설책임(과장),동우 / 월배역라온프라이빗,대구 달서구 월배로 33길 53,2024-12-30,채용시까지
한국티씨엠기전주임 3교대,다사e편한세상,달성군 다사역로60,2024-12-30,채용시까지
(주)굿모닝이엔씨관리과장,영남네오빌블루/『굿모닝이엔씨』,대구시 북구 서변로 120,2024-12-30,채용시까지
[나라솔루션]달성우신미가뷰 전기과장 구인공고,달성우신미가뷰,대구시 달성군 금포로 75-20,2024-12-30,채용시까지
【상일종합관리】기계과장 구인,SW융합기술지원센터,대구광역시 수성구 알파시티1로 170,2024-12-30,2025-01-12
(주)한국티씨엠전기과장,칠곡미래타운,북구 팔거천동로52,2024-12-30,채용시까지
[동우씨엠(주)]시설책임(과장),동우 / 대구역서희스타힐스,대구광역시 북구 칠성남로 101,2024-12-27,채용시까지
【상일종합관리】과장 구인(긴급!!)(+급여조정),중산하늘채더퍼스트,경상북도 경산시경산로 280,2024-12-27,2025-01-12
【상일종합관리】과장 구인,과학마을청아람 / e편한세상월배,대구광역시 달성군 구지면 과학마을로 70 / 대구광역시 달서구 월성로132,2024-12-27,채용시까지
【상일종합관리】과장 구인(긴급!!!),엑소디움센트럴동인,대구 중구 국채보상로139길 40,2024-12-27,2025-01-12
"[나라솔루션]대구 오페라스위첸 전기과장, 동대구반도유보라 기전주임 구인공고",대구 오페라스위첸 / 동대구반도유보라,대구 북구 칠성남로 14길 14 / 대구 동구 송라로 16길 11,2024-12-27,채용시까지
(주)굿모닝이엔씨기전과장,더샵수성라크에르,대구 수성구 지산로3길 33,2024-12-26,채용시까지
[나라솔루션]성당태왕아너스메트로 전기과장 구인공고,성당태왕아너스메트로,대구시 달서구 대명천로 33,2024-12-26,채용시까지
[나라솔루션]두류중흥S-클래스센텀포레 기전주임 구인공고,두류중흥S-클래스센텀포레,대구 달서구 두류동 819-21,2024-12-26,채용시까지
(주)동우라이프산업시설주임 채용,봉덕화성파크드림,대구광역시 남구 대봉로 14길 30,2024-12-24,채용시까지
명성티엠에스관리소장(과장),범어센트럴푸르지오 오피스텔/상가,대구시 수성구 상록로 15,2024-12-24,채용시까지
씨엔디에스(주)시설주임 구인,국가산단서한이다음,대구광역시 달성군 현풍읍 국가산단대로 70길41,2024-12-24,2024-12-30
(주)목성엔지니어링**목성 범어동일하이빌 전기과장 구인공고**,범어동일하이빌,대구 수성구 동대구로 52길55,2024-12-24,2024-12-31
"(주)굿모닝이엔씨전기과장, 시설대리(주간)",더 샵 디어엘로,대구 동구 신천동 353-1,2024-12-24,채용시까지
(주)목성엔지니어링** 목성 대실역이편한세상 기전과장 구인공고**,대실역이편한세상,대구 달성군 죽곡 1길 42,2024-12-24,2024-12-31
[나라솔루션]빌리브죽전 기전주임 구인공고,빌리브죽전,대구시 달서구 달구벌대로 1581,2024-12-24,채용시까지
(주)한국티씨엠전기과장,신매한라하우젠트,수성구 달구벌대로 3310,2024-12-23,채용시까지
[나라솔루션]동대구센트로데시앙 기전주임 구인공고,동대구센트로데시앙,대구시 동구 신암로 20길 94,2024-12-23,채용시까지
【상일종합관리】기사 구인,강창태성그린시티,대구광역시 달성군 죽곡2길 6,2024-12-23,2025-01-06
[나라솔루션]두류중흥S-클래스센텀포레 기전주임 구인공고,두류중흥S-클래스센텀포레,대구 달서구 두류동 819-21,2024-12-23,채용시까지
"[나라솔루션]빌리브스카이 오피,상가 관리소장 구인공고","빌리브스카이 오피,상가",대구시 달서구 감삼동 141-5,2024-12-23,채용시까지
[나라솔루션]경산백천신나리아파트 관리주임 구인공고,경산백천신나리아파트,경북 경산시 경청로222길 8,2024-12-23,채용시까지
★(주)맨투맨써비스★ 서대구센트럴자이 아파트 시설팀장 모집,서대구센트럴자이아파트,대구 서구 고성로 33,2024-12-23,채용시까지
(주)목성엔지니어링**목성 스펙트럼시티 시설주임 구인공고**,스펙트럼시티,대구광역시 북구 칠성동 20-1,2024-12-23,2024-12-30
(주)굿모닝이엔씨기전주임,서변청아람,대구 북구 호국로 57길 20,2024-12-23,채용시까지
(주)목성엔지니어**목성 율하센트럴파크9단지 전기기사 구인공고**,율하센트럴파크9단지,대구광역시 동구 안심로 22길 76,2024-12-23,2024-12-30
소장및 전기안전관리자,반월당아너스제네스 오피스텔,중구 중앙대로 312,2024-12-22,채용시까지
◈(주)한보주택관리◈관리과장 구인,경북도청호반베르디움1차,경북 예천군 호명읍 행복로 215,2024-12-20,채용시까지
(주)굿모닝이엔씨기전주임,경산하양금호어울림,경북 경산시 서사도리로 31,2024-12-20,채용시까지
명성티엠에스시설과장[긴급],수성구 지역,,2024-12-20,채용시까지
[동우씨엠(주)]시설책임(과장),동우 / 수성범어W,대구시 수성구 달구벌대로2346,2024-12-20,채용시까지
"명성티엠에스시설과장, 특급소방계장",두류역 서한포레스트,대구시 달서구 두류동 138-2,2024-12-20,채용시까지
[나라솔루션]달성우신미가뷰 전기과장 구인공고,달성우신미가뷰,대구시 달성군 금포로 75-20,2024-12-20,채용시까지
【상일종합관리】과장 구인,e편한세상월배,대구광역시 달서구 월성로 132,2024-12-19,채용시까지
『맨투맨써비스』전기과장 구인,복현아이파크,대구시 북구 동북로 241,2024-12-19,채용시까지
【상일종합관리】방재실장 구인,남산자이하늘채,대구시 중구 명덕로 33,2024-12-19,2025-01-02
【상일종합관리】과장 구인(긴급!!),오페라코오롱하늘채,대구광역시 북구 중앙대로 540,2024-12-19,2024-12-31
[나라솔루션]대구오페라스위첸 기전주임 구인공고,대구오페라스위첸,대구 북구 칠성남로14길 14,2024-12-18,채용시까지
(주)목성엔지니어링** 목성 대실역이편한세상 기전과장 구인공고**,대실역e편한세상,대구 달성군 죽곡 1길 42,2024-12-18,2024-12-24
(주)굿모닝이엔씨기전과장,해링턴플레이스 더반월당,대구 중구 중앙대로61길 28-6,2024-12-18,채용시까지
【상일종합관리】과장 구인,수성하늘채르레브,대구시 수성구 지범로48길 21,2024-12-18,2024-12-31
(주)굿모닝이엔씨관리과장,윤성1차타운,경북 경산시 진량읍 선화로20길 25,2024-12-18,채용시까지
한국티씨엠전기과장,신매한라하우젠트,수성구 달구벌대로3310,2024-12-18,채용시까지
(주)목성엔지니어링**목성 동대구역골드클래스 관리주임 구인공고**,동대구역골드클래스,대구광역시 동구 신암남로 72,2024-12-18,2024-12-26
(주)굿모닝이엔씨시설주임,월배1차 아이파크,대구 달서구 조암남로 182,2024-12-18,채용시까지
◈(주)한보주택관리◈기전기사 구인,칠곡그린빌3주공,대구 북구 구암서로 41,2024-12-18,채용시까지
"우리관리관리계장(기계설비유지관리 중급,소방보조선임)",에코폴리스동화아이위시3차,대구광역시 달성군 다사읍 서재로7길 25,2024-12-18,채용시까지
【상일종합관리】과장 구인,혁신도시서한이다음3차,대구시 동구 혁신대로 443,2024-12-18,2024-12-31
(주) 그린빌시설기사,대구도남 LH 1단지,대구시 북구 도남길 96,2024-12-17,2024-12-24
명성티엠에스관리소장(과장),힐스테이트 대명 센트럴 오피스텔/상가,대구시 남구 대명로 256,2024-12-17,채용시까지
(주)굿모닝이엔씨기전과장,더샵수성라크에르,대구 수성구 지산로3길 33,2024-12-17,채용시까지
(주)한국티씨엠기전과장 구인,시지대성유니드,수성구 사월동,2024-12-17,채용시까지
[동우씨엠(주)]시설책임(전기과장),동우 / 범물하이츠,대구 수성구 용학로 336,2024-12-17,채용시까지
(주)굿모닝이엔씨시설과장,시지삼주한라협화타운,대구 수성구 신매로 91,2024-12-17,채용시까지
[나라솔루션]월성보성1단지 관리직원 구인공고,월성보성1단지,대구시 달서구 학산로30,2024-12-17,채용시까지
청하종합개발(주)기전주임,신암강남아파트,대구시 동구 신성로 60,2024-12-17,채용시까지
관리과장,죽곡휴먼시아1단지,대구시 달성군 다사읍 대실역북로1길 6,2024-12-17,채용시까지
한국티씨엠전기과장,칠곡미래,대구시 북구 팔거천동로52,2024-12-16,채용시까지
율산개발시설팀장 구인,대구위브더제니스상가,대구시 수성구 달구벌대로 2435,2024-12-16,2024-12-27
【상일종합관리】기사 구인,강창태성그린시티,대구광역시 달성군 죽곡2길 6,2024-12-16,채용시까지
(주)광명티엠씨전기과장 긴급 구인,경산귀빈타운,경산시 대학로 12길 24,2024-12-16,채용시까지
(주)굿모닝이엔씨기전주임,서변청아람,대구 북구 호국로 57길 20,2024-12-16,채용시까지
(주)굿모닝이엔씨기전과장,태왕유성하이빌,대구 수성구 동대구로 250,2024-12-16,채용시까지
『맨투맨써비스』기전과장 구인,강창1차삼산타운,대구시 달성군 다사읍 달구벌대로 790,2024-12-16,채용시까지
명성티엠에스관리소장(과장),힐스테이트 대구역 오피스텔/상가,대구시 중구 태평로28길 13(태평로2가),2024-12-16,채용시까지
◈(주)한보주택관리◈전기과장 구인,영천인터불고코아루,경상북도 영천시 창신1길 42,2024-12-16,채용시까지
한국공동주택관리(주)관리(전기)과장 구인,호반써밋이스텔라,대구 동구 반야월 북로 111-11,2024-12-16,2024-12-27
명성티엠에스시설과장,동아스포츠센터,대구 수성구 지범로 59,2024-12-16,채용시까지
[나라솔루션]대구오페라스위첸 기전주임  / 달성우신미가뷰 전기과장 구인공고,대구오페라스위첸 / 달성우신미가뷰,대구 북구 칠성남로 14길 14 / 대구 달성군 금포로 75-20,2024-12-16,채용시까지
(주)목성엔지니어링**목성 이시아폴리스더샵3차 시설대리 구인공고**,이시아폴리스더샵3차,대구광역시 동구 팔공로53길 10,2024-12-16,2024-12-23
(주)굿모닝이엔씨기전기사,범어센트럴푸르지오,대구 수성구 상록로 15,2024-12-16,2024-12-20
씨엔디에스(주)시설주임 구인,국가산단서한이다음,대구광역시 달성군 현풍읍 국가산단대로 70길41,2024-12-16,2024-12-23
(주)휴먼피플영천문내 대동다숲아파트 관리과장 구인,영천문내 대동다숲아파트,"경북 영천시 중앙동1길 102-10,11",2024-12-15,채용시까지
[동우씨엠(주)]시설책임(전기과장) 급구 (12월27일부터 근무),강변코오롱하늘채,대구 남구 봉덕로 134,2024-12-13,채용시까지
[나라솔루션]전기과장 구인공고,동대구에일린의뜰 / 경산임당호반베르디움,대구시 동구 아양로9길 35 / 경북 경산시 남매공원로 6,2024-12-13,채용시까지
자치관리기전기사,팔공2차보성타운,대구광역시 동구 팔공로 101길 55,2024-12-13,채용시까지
기전과장,성서푸른마을,대구광역시 달서구 선원로137,2024-12-13,채용시까지
"[나라솔루션]월배라온프라이빗디엘 전기과장, 시설계장 구인공고",월배라온프라이빗디엘,대구 달서구 진천동 42-3번지 일원,2024-12-12,채용시까지
【상일종합관리】기사 구인,남산자이하늘채,대구시 중구 명덕로 33,2024-12-12,2024-12-26
"[동우씨엠(주)]시설책임(과장), 시설주임",동우 / 대구역서희스타힐스,대구광역시 북구 칠성남로 101,2024-12-12,채용시까지
[나라솔루션]성당태왕아너스메트로 전기과장 구인공고,성당태왕아너스메트로,대구시 달서구 대명천로 33,2024-12-12,채용시까지
(주)목성엔지니어링**목성 범어동일하이빌 전기과장 구인공고**,범어동일하이빌,대구 수성구 동대구로 52길55,2024-12-12,2024-12-19
자치관리영선주임,진량영호맨션,경북 경산시 진량읍 영청길10,2024-12-11,채용시까지
관리과장,칠곡2차한라타운,대구시 북구 구암로170,2024-12-11,채용시까지
동우씨엠(주)시설주임 (기계설비유지관리자 '초급'  또는 '임시' 선임 경력가능자),시지 청구전원타운,대구시 수성구 시지로 45 청구전원타운 관리사무소,2024-12-11,2024-12-18
【상일종합관리】과장 구인,오페라코오롱하늘채,대구광역시 북구 중앙대로 540,2024-12-11,2024-12-31
[동우씨엠(주)]시설책임(기전과장),동우 / 복현명문세가2단지,대구 복현로 50,2024-12-10,채용시까지
(주)굿모닝이엔씨시설주임,월배1차 아이파크,대구 달서구 조암남로 182,2024-12-10,채용시까지
【상일종합관리】과장 구인,엑소디움센트럴동인,대구 중구 국채보상로139길 40,2024-12-10,2024-12-29
[나라솔루션]대구오페라스위첸 기전주임 구인공고,대구오페라스위첸,대구 북구 칠성남로 14길 70,2024-12-10,채용시까지
【상일종합관리】과장 구인,수성더팰리스푸르지오더샵1단지,대구시 수성구 파동로 188,2024-12-10,채용시까지
【상일종합관리】과장 구인,e편한세상월배,대구광역시 달서구 월성로 132,2024-12-10,채용시까지
"[동우씨엠(주)]관리소장(전기안전관리자), 시설주임",동우 / 동대구역화성파크드림 (오피스텔/상가),대구광역시 동구 동대구로 590,2024-12-09,채용시까지
동우씨엠(주)관리과장,복현3차서한이다음,"대구시 북구 복현로 130, 복현3차서한이다음 관리사무소",2024-12-09,2024-12-31
◈(주)한보주택관리◈기전주임 구인,칠곡그린빌3주공,대구 북구 구암서로 41,2024-12-09,채용시까지
(주)굿모닝이엔씨시설주임,월배1차 아이파크,대구 달서구 조암남로 182,2024-12-06,채용시까지
이랜드기계 초급( 주간 시설주임) 1명,이랜드PEER대명점,대구시 남구 명덕로 142 (대명동) 1단지 지하1층 관리센터,2024-12-06,2025-01-08
(주)목성엔지니어링**목성 범어동일하이빌 전기과장 구인공고**,범어동일하이빌,대구 수성구 동대구로 52길55,2024-12-06,2024-12-13
[나라솔루션]성당태왕아너스메트로 격일제 전기과장 구인공고,성당태왕아너스메트로,대구시 달서구 대명천로 33,2024-12-06,채용시까지
(주)굿모닝이엔씨기전과장,태왕유성하이빌,대구 수성구 동대구로 250,2024-12-06,채용시까지
(주)굿모닝이엔씨전기과장,SD아이프라임강북,대구 북구 칠곡중앙대로 125길 7,2024-12-05,채용시까지
전기과장,성서동서서한타운,대구광역시 달서구 선원로 100,2024-12-05,채용시까지
명성티엠에스기전주임,죽전역 에일린의뜰,대구시 달서구 와룡로 254,2024-12-05,채용시까지
관리과장,범물창신태성한라맨션,대구시 수성구 용학로 272,2024-12-05,채용시까지
(주)광명티엠씨전기과장 긴급 구인,경산귀빈타운,경산시 대학로 12길 24,2024-12-04,채용시까지
[동우씨엠(주)]시설책임(전기과장),동우 / 침산코오롱하늘채1단지,대구 북구 침산로 22길 31,2024-12-04,채용시까지
【상일종합관리】과장 구인,과학마을청아람,대구광역시 달성군 구지면 과학마을로 70,2024-12-04,2024-12-18
[나라솔루션]달성우신미가뷰 전기과장 구인공고,달성우신미가뷰,대구시 달성군 금포로 75-20,2024-12-04,채용시까지
"(주)한국커리어서치대구 황금동) 건물 시설과장,시설주임 주간 5일근무(전기,기계설비 선임가능자)",힐스테이트 황금역 리저브,황금동891-1번지,2024-12-03,채용시까지
『맨투맨써비스』기전과장 구인(긴급),강창1차삼산타운,대구시 달성군 다사읍 달구벌대로 790,2024-12-03,채용시까지
관리소장및  전기안전관리자 겸직,반월당아너스제네스 오피스텔,중구 중앙대로 312,2024-12-03,채용시까지
【상일종합관리】과장 구인,용계역푸르지오아츠베르1단지,대구시 동구 화랑로 108길 42,2024-12-03,2024-12-17
"주식회사 서호전기과장,경리대리,관리주임,오피스텔 관리소장, 기전주임",힐스테이트 만촌역,대구광역시 수성구 만촌동 1032-1번지 일원,2024-12-03,2024-12-13
관리과장,죽곡휴먼시아1단지,대구시 달성군 다사읍 대실역 북로1길 6,2024-12-03,채용시까지
기전과장,성서푸른마을,대구광역시 달서구 선원로137,2024-12-03,채용시까지
명성티엠에스특급소방안전관리자,대구역 한라하우젠트 센트로,대구시 중구 태평로1가 11번지,2024-12-02,채용시까지
(주)굿모닝이엔씨관리과장,상인대성스카이렉스,대구 달서구 월배로 183,2024-12-02,채용시까지
(주)목성엔지니어링**목성 성암산신동아파밀리에 전기과장 구인공고**,성암산신동아파밀리에,경상북도 경산시 장산로 4길 10,2024-12-02,2024-12-09
자치관리기전과장,복현2차서한타운,대구광역시 북구 공항로15길 8,2024-12-02,채용시까지
[나라솔루션]동대구에일린의뜰 기전주임 구인공고,동대구에일린의뜰,대구시 동구 아양로9길 35,2024-12-02,채용시까지
◈(주)한보주택관리◈기전과장 구인,성서한마음타운,대구시 달서구 선원남로 151,2024-12-02,채용시까지
(주)굿모닝이엔씨시설주임(전기기능사),월배1차 아이파크,대구 달서구 조암남로 182,2024-11-29,채용시까지
자치기전과장,대곡역그린빌,대구 달성군 화원읍 명천로 57,2024-11-29,채용시까지
【상일종합관리】과장 구인,수성센트럴화성파크드림,대구시 수성구 중동 179,2024-11-29,채용시까지
【상일종합관리】과장 구인,신당한화꿈에그린,대구광역시 달서구 달서대로719,2024-11-29,2024-12-15
(주)목성엔지니어링**목성 창신황제타운 전기과장 구인공고**,창신황제타운,경상북도 경산시 황제1길 86-31,2024-11-29,2024-12-04
【상일종합관리】과장 구인,엑소디움센트럴동인,대구 중구 국채보상로139길 40,2024-11-29,채용시까지
맨투맨써비스기전과장 구인,강창1차삼산타운,대구시 달성군 다사읍 달구벌대로 790,2024-11-29,채용시까지
◈(주)한보주택관리◈전기과장,영천인터불고코아루,경상북도 영천시 창신1길 42,2024-11-29,채용시까지
자치관리기전기사,칠곡우방타운,대구광역시 북구 칠곡중앙대로 115길24,2024-11-28,채용시까지
기전계장 모집,우방죽전타운,대구시 달서구 용산로160,2024-11-28,채용시까지
[나라솔루션]동대구에일린의뜰 시설계장 구인공고,동대구에일린의뜰,대구시 동구 아양로9길 35,2024-11-28,채용시까지
[나라솔루션]달성우신미가뷰 전기과장 구인공고,달성우신미가뷰,대구 달성군 금포로 75-20,2024-11-28,채용시까지
(주)굿모닝이엔씨기전과장,해링턴플레이스 더반월당,대구 중구 중앙대로61길 28-6,2024-11-28,채용시까지
우리관리전기과장/시설계장,동대구역 센텀 화성파크드림,대구광역시 동구 아양로 133,2024-11-27,채용시까지
"[나라솔루션]두류중흥S-클래스센텀포레 전기과장, 기전주임 구인공고",두류중흥S-클래스센텀포레,대구 달서구 두류동 819-21,2024-11-27,채용시까지
"[나라솔루션]더샵프리미엘 전기과장, 기전주임 구인공고",더샵프리미엘,대구 북구 침산동 305-4,2024-11-27,채용시까지
남부건업전기과장,옥포대성베르힐6단지,대구 달성군 옥포면 돌미로8길 19,2024-11-27,채용시까지
(주)광명티엠씨전기과장 긴급 구인,경산귀빈타운,경산시 대학로 12길 24,2024-11-26,채용시까지
자치전기주임(선임),지산현대아파트,대구광역시 수성구 지범로 22길 20,2024-11-26,2024-12-05
【상일종합관리】과장 구인,죽전역골든뷰메디타워,대구광역시 달서구 달구벌대로 1545,2024-11-26,채용시까지
[나라솔루션]빌리브죽전 기전주임,빌리브죽전,대구시 달서구 달구벌대로 1581,2024-11-25,채용시까지
(주)목성엔지니어링**목성 동대구역골드클래스 관리주임 구인공고**,동대구역골드클래스,대구광역시 동구 신암남로 72,2024-11-25,2024-12-02
"(주)한국커리어서치대구 황금동) 건물 시설과장 주간 5일 근무 모집 (전기, 기계설비 선임)",힐스테이트 황금역 리저브,황금동 891-1번지,2024-11-25,채용시까지
관리계장,죽곡휴먼시아1단지,대구시 달성군 다사읍 대실역 북로1길 6,2024-11-25,채용시까지
(주)목성엔지니어링**목성 성암산신동아파밀리에 전기과장 구인공고**,성암산신동아파밀리에,경상북도 경산시 장산로 4길 10,2024-11-25,2024-12-01
맨투맨써비스기전주임 구인,강창1차삼산타운,대구시 달성군 다사읍 달구벌대로 790,2024-11-22,채용시까지
【상일종합관리】과장 구인(긴급!!!)(급여수정),혁신이노힐즈,대구광역시 동구 메디밸리로 35,2024-11-22,2024-12-11
(주)목성엔지니어링** 목성 ** 대실역이편한세상 기전과장 구인공고,대실역e편한세상,대구 달성군 죽곡 1길 42,2024-11-22,2024-11-30
(주)경일씨앤에스기전주임(소방안전관리자보조선임 가능자),다산월드메르디앙아파트,경북 고령군 다산면 좌학길 85,2024-11-22,2024-12-01
【상일종합관리】과장 구인,수성센트럴화성파크드림,대구시 수성구 중동 179,2024-11-22,2024-12-08
[동우씨엠(주)]시설책임(과장),죽곡삼정그린코아더베스트,대구광역시 달성군 다사읍 다사로 50,2024-11-22,채용시까지
시설과장,옥산태왕한라타운,경산시 대학로 8길 32,2024-11-22,채용시까지
목성엔지니어링목성엔지니어링/ 범어삼성쉐르빌/ 기전기사 구인공고,범어삼성쉐르빌,대구 수성구 청호로 426,2024-11-22,2024-11-30
(주)굿모닝이엔씨기전주임(기계중급),중산자이 1단지,경상북도 경산시 펜타힐즈1로 130,2024-11-21,채용시까지
(주)굿모닝이엔씨기전과장,해링턴플레이스 더반월당,대구 중구 중앙대로61길 28-6,2024-11-21,채용시까지
【상일종합관리】과장구인,과학마을청아람,대구광역시 달성군 구지면 과학마을로 70,2024-11-21,채용시까지
[나라솔루션]죽전역해링턴플레이스더베스트 기전주임 구인공고,죽전역해링턴플레이스더베스트,대구시 달서구 와룡로 33길 20,2024-11-20,채용시까지
우리관리주식회사전기과장/시설계장,중방스타힐스,경산시 강변동로 206,2024-11-20,채용시까지
(주)한국커리어서치[급구]아파트 특급 소방안전관리자(입주단지),황금역 힐스테이트 리저브,대구광역시 수성구 청수로 25길 14,2024-11-20,채용시까지
(주)굿모닝이엔씨시설주임,달성파크푸르지오 힐스테이트,대구시 중구 달성로 123,2024-11-20,채용시까지
[나라솔루션]월배삼정그린코아포레스트 관리과장 구인공고,월배삼정그린코아포레스트,대구광역시 달서구 조암남로32길 40,2024-11-19,채용시까지
명성티엠에스관리소장(전기과장),만촌역 태왕디아너스 애비뉴 상가,대구시 수성구 달구벌대로 2599(만촌동),2024-11-19,채용시까지
【상일종합관리】과장 구인,경산하양제일풍경채,경상북도 경산시 하양읍 서사도리로 11,2024-11-19,2024-12-01
◈(주)한보주택관리◈시설주임 구인,경북도청호반베르디움 1차,경북 예천군 행복로 215,2024-11-18,채용시까지
◈(주)한보주택관리◈시설주임 구인,성서주공2단지,대구시 달서구 신당로 55,2024-11-18,채용시까지
(주)목성엔지니어링**목성 성암산신동아파밀리에 전기과장 구인공고**,성암산신동아파밀리에,경상북도 경산시 장산로 4길 10,2024-11-18,2024-11-25
성원산업개발(주)관리계장(소방1급 선임대상자),LH대구읍내행복주택,대구시 북구 칠곡중앙대로 434,2024-11-18,채용시까지
명성티엠에스전기과장,용계역 푸르지오 아츠베르2단지,대구시 동구 화랑로108길 46(관리사무소),2024-11-18,채용시까지
(주)굿모닝이엔씨관리소장(전기과장),경남센트로팰리스,대구 중구 태평로 47,2024-11-18,채용시까지
청하조합개발(주)기전기사,우방드림시티,대구시 달서구 장기로 242,2024-11-18,2024-11-30
[동우씨엠(주)]시설주임 (기계유지보조 자격 선임),동우 / 동원비즈플랫폼,대구시 달서구 성서로 329,2024-11-15,채용시까지
【상일종합관리】과장 구인,율하리버파크,대구광역시 동구 율하동로 19,2024-11-15,2024-11-29
(주)목성엔지니어링**목성 창신황제타운 전기과장 구인공고**,창신황제타운,경상북도 경산시 황제1길 86-31,2024-11-15,2024-11-29
[나라솔루션]빌리브죽전 기전주임 구인공고,빌리브죽전,대구시 달서구 달구벌대로 1581,2024-11-15,채용시까지
【상일종합관리】과장구인(긴급!!),국가산단줌파크,대구광역시 달성군 국가산단대로64길 63,2024-11-15,2024-11-29
【상일종합관리】과장 구인,혁신이노힐즈,대구광역시 동구 메디밸리로 35,2024-11-14,2024-11-28
전기과장(자치),수성우방팔레스,대구 수성구 수성로 400,2024-11-14,2024-11-19
자치관리기전기사,칠곡우방타운,대구광역시 북구 칠곡중앙대로 115길 24,2024-11-13,채용시까지
(주)맨투맨써비스★시설주임★,대구역오페라W,대구광역시 북구 칠성남로 50 (고성동1가),2024-11-13,채용시까지
[나라솔루션]경산중방스타힐스 전기과장 구인공고,경산중방스타힐스,경북 경산시 중방동 288-22,2024-11-13,채용시까지
【상일종합관리】과장 구인,안심역우방아이유쉘,대구 동구 금강로 21길 10,2024-11-13,2024-11-24
"명성티엠에스시설과장, 시설주임",만촌역 태왕디아너스,대구시 수성구 달구벌대로 2599(만촌동),2024-11-13,채용시까지
(주)목성엔지니어링**목성 이안월배아파트 기전주임 구인공고**,이안월배아파트,대구광역시 달서구 조암남로 116,2024-11-13,2024-11-20
기계설비 성능점검 업무(필수:기계설비유지관리자 자격증),대한기계설비성능점검(주),대구시 남구 용두방천2길 34,2024-11-12,채용시까지
(주)목성엔지니어**목성 동대구벤처벨리창업지원 기전주임 구인공고**,동대구벤처벨리창업지원,대구 동구 동대구로 469,2024-11-12,2024-11-19
자치관리기전주임,장기파랑새마을,대구 달서구 한들로70,2024-11-12,채용시까지
자이에스앤디시설팀장,복현자이 아파트,대구 북구 공항로 16,2024-11-12,채용시까지
[명성티엠에스]오피스텔/상가 관리소장(전기과장) 구인,힐스테이트 대명 센트럴,대구시 남구 대명동 221-1번지,2024-11-12,채용시까지
【상일종합관리】팀장 구인,수성태영데시앙,대구광역시 수성구 들안로 360,2024-11-12,2024-11-29
(주)굿모닝이엔씨관리과장,윤성1차타운,경북 경산시 진량읍 선화로20길 25,2024-11-11,채용시까지
자치관리시설주임,궁전맨션,대구시 수성구 동대구로 274,2024-11-11,2024-11-12
나라솔루션수성자이르네 전기과장 구인공고,수성자이르네,대구시 수성구 수성로 57길 8,2024-11-11,채용시까지
【상일종합관리】과장 구인,세천한라비발디,대구 달성군 다사읍 세천로 187,2024-11-11,2024-11-29
[동우씨엠(주)]시설책임(과장),동우 / 수성범어W,대구시 수성구 달구벌대로2346,2024-11-08,채용시까지
(주)목성엔지니어링기전주임,아이프라임신매아파트,대구광역시 수성구 달구벌대로 649길 14,2024-11-08,2024-11-14
【상일종합관리】과장구인(긴급!!),국가산단줌파크,대구광역시 달성군 국가산단대로64길 63,2024-11-07,2024-11-24
(주)목성엔지니어링**목성 이안월배아파트 기전주임 구인공고**,이안월배아파트,대구광역시 달서구 조암남로 116,2024-11-07,2024-11-12
[명성티엠에스]입주아파트 관리소장(전기과장) 구인,대구역 한라하우젠트 센트로,대구시 중구 태평로1가 11번지,2024-11-07,채용시까지
【상일종합관리】과장 구인,칠곡동화골든빌,대구광역시 북구 동천로 156,2024-11-07,2024-11-24
(주)굿모닝이엔씨시설과장,화원파크뷰 우방아이유쉘,대구 달성군 화원읍 명천로 21길 55,2024-11-07,채용시까지
자치기전주임,대곡역그린빌,대구 달성군 화원읍 명천로 57,2024-11-07,채용시까지
(주)목성엔지니어링**목성 달성화성파크드림 기전과장 채용공고**,달성화성파크드림,대구광역시 달성군 구지면 과학마을로 2길6번,2024-11-07,2024-11-14
자치관리기전과장,칠곡화성타운,대구시 북구 동천로6,2024-11-06,2024-11-13
"[명성티엠에스][입주]소방계장, 시설주임",대구역 한라하우젠트 센트로,대구시 중구 태평로1가 11번지,2024-11-06,채용시까지
【상일종합관리】과장 구인,경산하양코아루1차,경북 경산시 하양로37길 17,2024-11-05,2024-11-19
[동우씨엠(주)]시설과장(책임),동우/죽곡삼정그린코아더베스트,대구광역시 달성군 다사읍 다사로 50,2024-11-05,채용시까지
청하종합개발(주)청하/ 기전대리,이안센트럴D,대구시 동구 동대구로 577,2024-11-05,채용시까지
청하종합개발(주)관리과장,우방드림시티,대구시 달서구 장기로 242,2024-11-05,채용시까지
자치관리전기과장,지산청구타운,대구 수성구 지산로48,2024-11-05,2024-11-08
(주)목성엔지니어링**목성 범어삼성쉐르빌 기전기사 구인공고**,범어삼성쉐르빌,대구광역시 수성구 청호로 426,2024-11-04,2024-11-11
동우씨엠(주)기관주임(중앙난방),칠곡3차화성타운,대구광역시 북구 대천로 101,2024-11-04,2024-11-10
【상일종합관리】과장,혁신에듀포레,대구시 동구 과학로 45,2024-11-04,2024-11-18
동우씨엠(주)시설책임(전기과장),우방푸른타운,대구광역시 동구 국채보상로 159길 41(우방푸른타운),2024-11-01,채용시까지
관리과장 구인,예다인아파트,경북 경산시 와촌면 금송로 325,2024-11-01,채용시까지
【상일종합관리】과장 구인,경산하양제일풍경채,경상북도 경산시 하양읍 서사도리로 11,2024-11-01,2024-11-15
◈(주)한보주택관리◈전기과장,다산금류1차강남타운,경상북도 고령군 다산면 상곡1길 15 (화원역 5분거리,2024-11-01,채용시까지
【상일종합관리】과장 구인,수성더팰리스푸르지오더샵1단지,대구시 수성구 파동로 188,2024-10-31,2024-11-14
[나라솔루션]칠곡2차보성서한타운 기전기사 구인공고,칠곡2차보성서한타운,대구 북구 팔거천동로 104,2024-10-31,채용시까지
◈(주)한보주택관리◈전기과장,영천인터불고코아루,경상북도 영천시 창신1길 42,2024-10-31,채용시까지
[나라솔루션]죽전역헤링턴플레이스더베스트 기전주임 구인공고,죽전역해링턴플레이스더베스트,대구시 달서구 와룡로 33길 20,2024-10-30,채용시까지
(주)굿모닝이엔씨관리과장,하양평광타운,경북 경산시 하양읍 대학로 295길 42,2024-10-30,채용시까지
(주)한국티씨엠기전과장 구인,옥산협화타운,경산시 옥산동,2024-10-30,채용시까지
(주)광명티엠씨전기과장 긴급 구인,경산귀빈타운,경산시 대학로 12길 24,2024-10-29,채용시까지
자체관리관리팀장,3차그린매션(재공고),대구시 달서구 구마로36길33,2024-10-29,2024-11-05
(주)목성엔지니어링기전주임,아이프라임신매아파트,대구광역시 수성구 달구벌대로 649길 14,2024-10-29,2024-11-04
[동우씨엠(주)]관리과장,동우/태왕아너스베스트,대구 달서구 월배로 33길 117,2024-10-29,채용시까지
"[나라솔루션]수성자이르네 전기과장, 기전주임 구인공고",수성자이르네,대구시 수성구 수성로57길 8,2024-10-29,채용시까지
(주)이오티앤디조경주임,중흥S클래스포디움,대구 달성군 유가읍 테크노순환로 423,2024-10-28,채용시까지
(주)휴먼피플영천문내 대동다숲아파트 관리과장 구인.,영천문내 대동다숲아파트,"경북 영천시 중앙동1길 102-10,11",2024-10-28,채용시까지
(주)굿모닝이엔씨시설주임,월배1차 아이파크,대구 달서구 조암남로 182,2024-10-28,채용시까지
(주)굿모닝이엔씨전기과장,LH 장기주공아파트,대구 달서구 용산로 88,2024-10-28,채용시까지
자치관리기전주임,장기파랑새마을,대구 달서구 한들로70,2024-10-28,채용시까지
【상일종합관리】과장 구인,칠곡동화골든빌,대구광역시 북구 동천로 156,2024-10-28,2024-11-17
"자치관리기전과장,기전주임 구함",정화우방팔레스,대구직할시 수성구 수성로 135,2024-10-28,채용시까지
【상일종합관리】팀장 구인,수성태영데시앙,대구광역시 수성구 들안로 360,2024-10-28,2024-11-16
자치관리기전과장,복현2차서한타운,대구광역시 북구 공항로15길 8,2024-10-28,채용시까지
"동우씨엠(주)시설주임(설비, 영선, 전기)  기계설비유지관리자 '초급'  또는 '임시' 선임 경력가능자",시지 청구전원타운,대구시 수성구 시지로 45 청구전원타운 관리사무소,2024-10-25,2024-10-30
(주)맨투맨써비스★관리과장★,동대구역센텀화성파크드림,대구광역시 동구 아양로 133,2024-10-25,채용시까지
(주)굿모닝이엔씨시설과장,화원파크뷰 우방아이유쉘,대구 달성군 화원읍 명천로 21길 55,2024-10-25,채용시까지
(주)굿모닝이엔씨기전과장,달성파크푸르지오 힐스테이트,대구시 중구 달성로 123,2024-10-25,채용시까지
【상일종합관리】과장 구인,앞산태왕아너스,대구시 남구 효서길 53,2024-10-25,채용시까지
[나라솔루션]동대구2차비스타 기전주임 구인공고,동대구2차비스타동원,대구 동구 효목동 637-1,2024-10-25,채용시까지
【상일종합관리】과장 구인,세천한라비발디,대구 달성군 다사읍 세천로 187,2024-10-25,2024-11-15
한국티씨엠전기과장,용산롯데캐슬그랜드,달서구 장산남로 33,2024-10-25,채용시까지
【상일종합관리】과장 구인,수성더팰리스푸르지오더샵1단지,대구시 수성구 파동로 188,2024-10-24,2024-11-07
[동우씨엠(주)]시설책임(과장),동우 / 월배역 라온프라이빗,대구 달서구 월배로 33길 53,2024-10-24,채용시까지
전기과장 구인,범물우방미진하이츠,대구시 수성구 지범로 290,2024-10-24,2024-10-29
자치관리전기과장,옥산태왕한라타운,경산시 대학로 8길 32,2024-10-24,채용시까지
[동우씨엠(주)]시설과정(시설책임),동우 / 죽곡삼정그린코아더베스트,대구광역시 달성군 다사읍 다사로 50,2024-10-24,채용시까지
자치관리기전과장,대평그린빌,경산시 경안로69길12,2024-10-24,채용시까지
(주)굿모닝이엔씨기전과장,동대구역센트럴시티자이,대구 동구 송라로 10길 33,2024-10-23,채용시까지
"[명성티엠에스][입주]소방계장, 시설계장",힐스테이트 대명 센트럴 오피스텔/상가,대구시 남구 대명동 222-1번지,2024-10-23,채용시까지
"[명성티엠에스][입주]시설과장, 시설주임, 시설기사 구인",힐스테이트 대명 센트럴 아파트,대구시 남구 대명동 221-1번지,2024-10-23,채용시까지
동우씨엠(주)시설주임(기계설비유지관리자초급),신서신일해피트리,대구시 동구 반야월로 370,2024-10-23,채용시까지
자치관리관리과장,보성송정타운,대구 수성구 지범로46길 43,2024-10-23,2024-10-29
대호안전관리공사관리주임,연경숲아파트,대구 북구 연경중앙로 55,2024-10-23,2024-12-02
기전과장 모집,우방죽전타운,대구시 달서구 용산로160,2024-10-23,채용시까지
【상일종합관리】과장 구인,평리푸르지오,대구시 서구 국채보상로 50길20,2024-10-22,2024-11-05
전기과장(자치),수성우방팔레스,대구광역시 수성구 수성로 400,2024-10-22,2024-10-25
(주)케이비엠주택관리특급소방안전관리자,수성 헤센더테라스 오피스텔,대구 수성구 청수로 24길 59(두산동),2024-10-22,채용시까지
[명성티엠에스]특급소방 구인,범어센트럴푸르지오 오피스텔 상가,대구시 수성구 상록로 15,2024-10-21,채용시까지
(주)목성엔지니어링** 목성 성서7주공 전기주임 구인공고**,성서주공7단지,대구광역시 달서구 성지로 35,2024-10-21,2024-10-28
(주)휴먼피플경산 신대팰리스 전기과장 구인,경산 신대팰리스,경상북도 경산시 압량면 압독2로 45,2024-10-21,채용시까지
(주)경일씨앤에스기전주임(소방안전관리자1급 소지자),다산월드메르디앙아파트,경북 고령군 다산면 좌학길 85,2024-10-21,2024-10-28
(주)굿모닝이엔씨시설주임,월배1차 아이파크,대구 달서구 조암남로 182,2024-10-21,채용시까지
(주)목성엔지니어링**목성 힐스테이트 대구역 오페라 기전주임 구인공고**,힐스테이트 대구역 오페라,대구광역시 북구 고성동 칠성남로 30,2024-10-21,2024-10-28
기전과장 모집,월드마크상가,"대구 달서구 와룡로 169, 판매시설동 106동 b1층",2024-10-21,2024-10-31
[명성티엠에스]전기과장 구인,동대구푸르지오브리센트 아파트,대구 동구 효목로3길 42-1 일원,2024-10-18,채용시까지
(주)목성엔지니어링**목성 창신황제타운 전기과장 구인공고**,창신황제타운,경상북도 경산시 황제1길 86-31,2024-10-18,2024-11-01
(주)목성엔지니어링**목성 힐스테이트 대구역 오페라 전기과장 구인공고**,힐스테이트 대구역 오페라,대구광역시 북구 고성동 칠성남로 30,2024-10-18,2024-10-25
(주)목성엔지니어링**목성 힐스테이트 대구역 오페라 시설계장 구인공고**,힐스테이트 대구역 오페라,대구광역시 북구 고성동 칠성남로 30,2024-10-18,2024-10-25
(주)목성엔지니어링**목성 북구지역 기전과장 구인공고**,북구지역,북구지역,2024-10-18,2024-10-25
(주)목성엔지니어링**목성 달성화성파크드림 기전과장 채용공고**,달성화성파크드림,대구광역시 달성군 구지면 과학마을로 2길6번,2024-10-18,2024-10-25
전기과장,유니버시아드 선수촌 1단지 아파트,대구 북구 동변로 50,2024-10-18,2024-10-31
자체관리관리팀장,3차그린맨션,대구시 달서구 구마로36길33,2024-10-18,2024-10-25
【상일종합관리】과장 구인,테크노호반베르디움1차,대구광역시 달성군 유가읍 테크노대로 5길 79,2024-10-18,채용시까지
(주)광명티엠씨전기과장 긴급 구인,경산귀빈타운,경산시 대학로 12길 24,2024-10-17,채용시까지
(주)목성엔지니어링**목성 대실역 e편한세상 기전과장 구인공고**,대실역 e편한세상,대구광역시 달성군 죽곡1길 42,2024-10-17,2024-10-24
◈(주)한보주택관리◈전기과장 구인,설화명곡역우방아이유,대구시 달성군 화원읍 비슬로 241,2024-10-16,채용시까지
[나라솔루션]월성자이 전기과장 구인공고,월성 자이,대구시 달서구 조암남로10길 21,2024-10-16,채용시까지
【상일종합관리】과장 구인,경산하양코아루1차,경북 경산시 하양로37길 17,2024-10-16,2024-10-31
자치관리기전주임,장기파랑새마을,대구시 달서구 한들로 70,2024-10-16,채용시까지
【상일종합관리】팀장 구인,수성태영데시앙,대구광역시 수성구 들안로 360,2024-10-16,2024-10-31
자치관리전기과장,지산청구타운,대구 수성구 지산로48,2024-10-15,2024-10-23
(주)굿모닝이엔씨기전주임(기계 중급),해링턴플레이스 더반월당,대구 중구 중앙대로61길 28-6,2024-10-15,채용시까지
[동우씨엠(주)]시설주임(기사) 채용,동대구역화성파크드림,대구 동구 동대구로 590,2024-10-15,채용시까지
(주)성보티씨에스전기과장,동대구역골드클레스오피스텔,대구시 동구 신암남로 72,2024-10-15,채용시까지
㈜로이안 H&F힐스테이트 달성공원역 기전과장 및 시설대리 채용공고,힐스테이트 달성공원역,대구광역시 중구 태평로 39,2024-10-15,2024-10-25
대주관리전기과장 구인,신천역센트럴리버파크,대구시 동구 동부로 26,2024-10-15,채용시까지
★(주)맨투맨써비스★동대구역센텀화성파크드림 시설계장 모집,동대구역센텀화성파크드림,대구광역시 동구 신암동 139-69번지,2024-10-15,채용시까지
(주)굿모닝이엔씨시설과장,시지삼주한라협화타운,대구 수성구 신매로 91,2024-10-15,2024-10-18
(주)목성엔지니어링** 목성 성서7주공 전기주임 구인공고**,성서주공7단지,대구광역시 달서구 성지로 35,2024-10-14,2024-10-21
【상일종합관리】과장,혁신에듀포레,대구시 동구 과학로 45,2024-10-14,2024-10-28
◈(주)한보주택관리◈전기과장 구인,대곡한라하우젠트,대구시 달서구 비슬로 2724,2024-10-14,채용시까지
(주)목성엔지니어링**목성 율하센트럴파크9단지 전기기사 구인공고**,율하센트럴파크9단지,대구광역시 동구 안심로 22길 76,2024-10-14,2024-10-17
기전과장,복현2차서한타운,대구광역시 북구 공항로15길 8,2024-10-14,채용시까지
"(주)굿모닝이엔씨시설주임(전기,소방)",월배1차 아이파크,대구 달서구 조암남로 182,2024-10-14,채용시까지
(주)굿모닝이엔씨관리과장,유천포스코 더샵,대구 달서구 달서대로 67,2024-10-14,채용시까지
[동우씨앰(주)]시설기사 채용,화성센트럴파크(북구),대구시 북구 대천로 100,2024-10-11,채용시까지
(주)목성엔지니어링**목성 대우트럼프월드수성 기전(민원)주임 구인공고**,대우트럼프월드수성,대구광역시 수성구 동대구로 59,2024-10-11,2024-10-18
★(주)맨투맨써비스★ 힐스테이트대구역오페라 아파트 시설주임 모집,힐스테이트대구역오페라아파트,대구광역시 북구 칠성남로 30(고성동1가),2024-10-11,채용시까지
(주)휴먼피플영천문내 대동다숲아파트 관리과장 구인.,영천문내 대동다숲아파트,"경북 영천시 중앙동1길 102-10,11",2024-10-10,채용시까지
[명성티엠에스]시설과장 구인,동대구푸르지오브리센트 아파트,대구 동구 효목로3길 42-1,2024-10-10,채용시까지
(주)성보티씨에스전기과장구인,경산신대e-편한세상,경북 경산시 압량읍 압독로 38-10,2024-10-10,채용시까지
[동우씨엠(주)]시설주임,더샵리비테르1차,대구시 중구 대봉로 43길 21,2024-10-10,채용시까지
"[나라솔루션]호반써밋수성, 동대구반도유보라 기전주임 채용공고",호반써밋수성/동대구반도유보라,대구 수성구 두산동 85번지 / 대구 동구 송라로 16길 11,2024-10-10,채용시까지
(주)굿모닝이엔씨전기과장,극동스타클래스,대구 중구 남산로 30,2024-10-10,채용시까지
(주)굿모닝이엔씨시설과장,시지삼주한라협화타운,대구 수성구 신매로 91,2024-10-10,2024-10-17
(주)목성엔지니어링**목성 북구지역 기전과장 구인공고**,북구지역,북구지역,2024-10-10,2024-10-17
(주)목성엔지니어링**목성 달성화성파크드림 기전과장 채용공고**,달성화성파크드림,대구광역시 달성군 구지면 과학마을로 2길6번,2024-10-10,2024-10-17
[나라솔루션]월성 자이 전기과장 구인공고,월성 자이,대구 달서구 조암남로10길 21(월성동),2024-10-08,채용시까지
(주)목성엔지니어링**목성 대실역 e편한세상 기전과장 구인공고**,대실역 e편한세상,대구광역시 달성군 죽곡1길 42,2024-10-08,2024-10-15
동우씨엠(주)전기과장(기계설비유지관리자),신서신일해피트리,대구시 동구 반야월로 370,2024-10-08,채용시까지
(주)굿모닝이엔씨시설과장,동대구역센트럴시티자이,대구 동구 송라로 10길 33,2024-10-08,2024-10-25
자치관리기전주임,보성송정타운,대구광역시 수성구 지범로46길 43,2024-10-08,채용시까지
자치관리관리과장,삼익뉴타운,대구시 서구 평리로 236,2024-10-07,채용시까지
[나라솔루션]대구 오페라스위첸 전기과장 구인공고,대구 오페라스위첸,대구 북구 칠성남로 14길 14,2024-10-07,채용시까지
"[동우씨엠(주)]시설주임, 시설책임 채용",동우 / 동대구역화성파크드림,대구 동구 동대구로 590,2024-10-07,채용시까지
(주)굿모닝이엔씨기전과장,화원파크뷰 우방아이유쉘,대구 달성군 화원읍 명천로 21길 55,2024-10-07,채용시까지
동우씨엠(주)시설관리직 채용,동우 / 수성범어W 아파트 (긴급),대구시 수성구 범어동 193-14,2024-10-04,채용시까지
(주)목성엔지니어링**목성 수성코오롱하늘채 기전주임 구인공고**,수성코오롱하늘채,대구광역시 수성구 들안로 300,2024-10-04,2024-10-10
청하종합개발(주)청하/ 기전대리,이안센트럴D,대구시 동구 동대구로 577,2024-10-04,채용시까지
(주)목성엔지니어링**목성 대신이편한세상 기전과장 구인공고**,e편한세상대신,대구광역시 중구 달구벌대로 1943,2024-10-04,2024-10-10
(주)굿모닝이엔씨기전주임(기계 중급),해링턴플레이스 더반월당,대구 중구 중앙대로61길 28-6,2024-10-04,채용시까지
전기과장 구인,유니버시아드 선수촌 1단지 아파트,대구 북구 동변로 50,2024-10-04,채용시까지
(주)목성엔지니어링**목성 대우트럼프월드수성 기전(민원)주임 구인공고**,대우트럼프월드수성,대구광역시 수성구 동대구로 59,2024-10-04,2024-10-10
[나라솔루션]빌리브파크뷰 시설계장 구인,빌리브파크뷰,대구 달서구 두류동 474-5,2024-10-04,채용시까지
【상일종합관리】과장 구인,평리푸르지오,대구시 서구 국채보상로 50길20,2024-10-04,2024-10-18
【상일종합관리】1단지 과장 구인,수성더팰리스푸르지오더샵,대구시 수성구 파동로 188,2024-10-04,2024-10-18
자치관리전기과장,아름다운나날2단지,대구시 동구 동호로  88,2024-10-04,채용시까지
주)우리관리전기과장,영남복합물류공사,경북 칠곡군 금호로 272,2024-10-02,2024-10-25
(주)케이티 팝스시설주임(긴급),엑소디움센트럴동인,대구 중구 국채보상로139길  40,2024-10-02,채용시까지
★(주)맨투맨써비스★ 해링턴플레이스동대구 시설주임 모집,해링턴플레이스동대구,대구광역시 동구 경대로 126 (신암동),2024-10-02,채용시까지
대주관리전기과장 구인,신천역센트럴리버파크,대구시 동구 동부로 26,2024-10-02,채용시까지
자치기전과장 기전주임 기전기사 구인,대곡역그린빌,대구 달성군 화원읍 명천로 57,2024-10-02,채용시까지
(주)휴먼피플경산 신대팰리스 / 경산 삼북주공아파트 전기과장 구인,경신 신대팰리스 / 경산 삼북주공아파트,신대팰리스:경상북도 경산시 압량면 압독2로 45 / 삼북주공아파트:경북 경산시 장산로 152,2024-10-02,채용시까지
[나라솔루션]평택 가이아프레지던스 관리소장 구인공고,평택 가이아프레지던스,경기도 평택시 지산로 10,2024-10-02,채용시까지
【상일종합관리】과장 구인,한신더휴이스턴팰리스,대구광역시 북구 매전로4길 31,2024-10-02,2024-10-16
◈(주)한보주택관리◈기전주임 구인,성서삼성한국형아파트,대구 달서구 호산로 126,2024-09-30,채용시까지
나라솔루션전기과장 구인공고,대구오페라스위첸,대구 북구 칠성남로 14길 14,2024-09-30,채용시까지
(주)굿모닝이엔씨기전과장,화원파크뷰 우방아이유쉘,대구 달성군 화원읍 명천로 21길 55,2024-09-30,채용시까지
(주)굿모닝이엔씨관리과장,유천포스코더샵,대구 달서구 달서대로 67,2024-09-30,채용시까지
[나라솔루션]죽전역해링턴플레이스더베스트 기전주임 / 월배삼정그린코아포레스트 기전기사 구인공고,죽전역해링턴플레이스더베스트,대구시 달서구 와룡로 33길 20,2024-09-30,채용시까지
[나라솔루션]펜타힐즈푸르지오2차 기전주임 구인공고,펜타힐즈푸르지오2차,경상북도 경산시 중산동 686번지,2024-09-30,채용시까지
성원산업개발(주)관리계장(소방1급 선임대상자),LH대구읍내행복주택,대구광역시 북구  칠곡중앙대로 434,2024-09-30,채용시까지
【상일종합관리】과장 구인,용계역푸르지오아츠베르1단지,대구시 동구 화랑로 108길 42,2024-09-30,2024-10-14
[동우씨엠(주)]관리과장,동우 / 메트로프라자,대구시 중구 달구벌대로 2160,2024-09-30,채용시까지
(주)광명티엠씨기전과장 1명 긴급 구인,수성3가롯데캐슬,대구광역시 수성구 명덕로 455,2024-09-30,채용시까지
-,-,,2024-09-30,2024-10-06
소장및전기안전관리자 겸직,반월당 아너스 제네스 오피스텔,중구 중앙대로 312,2024-09-29,채용시까지
주)성보티씨에스전기과장 구인(긴급),시지하나타운,대구 수성구 고산로123,2024-09-27,채용시까지
(주)목성엔지니어링**목성 e편한세상대신 기전과장 구인공고**,e편한세상대신,대구광역시 중구 달구벌대로 1943,2024-09-27,2024-10-04
【상일종합관리】전기과장 구인,진량호반써밋,경북 경산시 선항6길 30,2024-09-27,채용시까지
【상일종합관리】과장 구인,펜타힐즈 푸르지오,경북 경산시 펜타힐즈2로 20,2024-09-27,2024-10-13
(주)목성엔지니어링**목성 금호이편한세상 기전과장 구인**,금호이편한세상,대구광역시 북구 내곡로 49,2024-09-27,2024-10-03
대흥종합관리(주)시설기사(기계설비유지관리자 중급 선임가능자),수목원호정포레스트(급여 인상),대구시  달서구  갈밭남로 17,2024-09-26,채용시까지
[동우씨엠(주)]시설주임,동우/ 앞산봉덕영무예다음,대구광역시 남구 대봉로 12,2024-09-26,채용시까지
【상일종합관리】과장 구인,성서한빛마을,대구 달서구 선원남로 99,2024-09-26,2024-10-10
[동우씨엠(주)]기전과장,동우/e편한세상 범어,대구시 수성구 들안로 78길 45,2024-09-26,채용시까지
(주)목성엔지니어링**목성 월성센트로파크 기전과장 구인공고**,월성센트로파크,대구광역시 달서구 구마로14남길 55,2024-09-26,2024-10-03
(주)목성엔지니어링**목성 창신황제타운 전기과장 구인공고**,창신황제타운,경상북도 경산시 황제1길 86-31,2024-09-26,2024-10-17
[나라솔루션]경산펜타힐즈푸르지오2차 전기과장 구인,경산펜타힐즈푸르지오2차,경북 경산시,2024-09-25,채용시까지
"자치관리기전주임1인, 기전기사1인",장기파랑새마을,대구시 달서구 한들로 70,2024-09-25,채용시까지
(주)경일씨앤에스기전주임(소방안전관리자1급소지자),다산월드메르디앙아파트,경북 고령군 다산면 좌학길 85,2024-09-25,2024-09-25
(주)굿모닝이엔씨기전주임(일근/소방2급),더트루엘수성,대구광역시 수성구 지범로52길 5-6,2024-09-24,2024-10-07
자치관리관리과장,삼익뉴타운,대구시 서구 평리로 236,2024-09-24,2024-10-04
(주)목성엔지니어링** 목성 침산화성파크드림 방재(소방)과장 채용 공고 **,침산화성파크드림,대구광역시 북구 성북로70,2024-09-24,2024-10-04
관리과장,죽곡휴먼시아1단지,대구시 달성군 다사읍 대실역북로1길 6,2024-09-24,채용시까지
소방과장1명(1급대상지),반월당아너스제네스 오피스텔,중구 중앙대로 312,2024-09-24,채용시까지
한국티씨엠전기과장,경산보국,경산시 진량읍 해든길 11,2024-09-23,채용시까지
(주)굿모닝이엔씨관리과장,하양평광타운,경북 경산시 하양읍 대학로 295길 42,2024-09-23,채용시까지
【상일종합관리】과장 구인,e편한세상 센텀스타시티 영천1단지,경북 영천시 완산9길 15,2024-09-23,2024-10-07
[나라솔루션]동대구2차비스타동원 전기과장 구인공고,동대구2차비스타동원,대구 동구 효목동 637-1,2024-09-23,채용시까지
동우씨엠(주)[동우씨엠(주)] 월배역 라온프라이빗 시설책임(과장) 채용,동우/ 월배역 라온프라이빗 아파트,대구시 달서구 월배로 33길 53,2024-09-23,채용시까지
[동우씨엠(주)]수성SK리더스뷰 시설주임(시설기사) 채용,동우 / 수성SK리더스뷰,대구시 수성구 동대구로 95,2024-09-23,채용시까지
(주)굿모닝이엔씨기전주임(기계 중급),해링턴플레이스 반월당2차,대구 중구 중앙대로61길 28-6,2024-09-23,채용시까지
(주)목성엔지니어링** 목성 성서7주공 전기주임 구인공고**,성서주공7단지,대구광역시 달서구 성지로 35,2024-09-23,2024-09-30
(주)굿모닝이엔씨관리과장,유천포스코더샵,대구 달서구 달서대로 67,2024-09-23,채용시까지
(주)굿모닝이엔씨기전과장,화원파크뷰 우방아이유쉘,대구 달성군 화원읍 명천로 21길 55,2024-09-23,채용시까지
【상일종합관리】하양지역 과장 구인,하양제일풍경채/하양코아루2차,경북 경산시 하양읍,2024-09-20,2024-10-05
설비주임,지산화성맨션,대구광역시 수성구 용학로 35길 62(지산동),2024-09-20,2024-09-25
남부건업전기과장,옥포대성베르힐6단지,옥포대성베르힐6단지,2024-09-20,채용시까지
자치관리시설기전과장 채용,서재우방타운,대구시 달성군 다사읍 서재로 28길 39,2024-09-20,2024-09-26
【상일종합관】과장 구인,용계역푸르지오아츠베르1단지,대구시 동구 화랑로 108길 42,2024-09-20,2024-09-30
【상일종합관리】과장 구인,수성센트럴화성파크드림,대구시 수성구 중동 179,2024-09-20,2024-10-04
(주)굿모닝이엔씨기계계장,월배1차 아이파크,대구 달서구 조암남로 182,2024-09-20,채용시까지
(주)목성엔지니어링**목성 금호이편한세상 기전과장 구인**,금호이편한세상,대구광역시 북구 내곡로 49,2024-09-20,2024-09-27
(주)목성엔지니어링**목성 월성센트로파크 기전과장 구인공고**,월성센트로파크,대구광역시 달서구 구마로14남길 55,2024-09-19,2024-09-25
(주)굿모닝이엔씨전기과장,해링턴플레이스 반월당2차,대구 중구 중앙대로61길 28-6,2024-09-19,채용시까지
【상일종합관리】과장 구인,범어아이파크1차,대구 수성구 동대구로 230,2024-09-19,채용시까지
대주주택관리전기과장 구인,강창하이츠,대구시 달성군 달구벌대로 814,2024-09-19,채용시까지
(주)굿모닝이엔씨기전주임,중산자이 1단지,경상북도 경산시 펜타힐즈1로 130,2024-09-19,채용시까지
★(주)맨투맨써비스★ 해링턴플레이스동대구 시설주임 모집,해링턴플레이스동대구,대구광역시 동구 경대로 126 (신암동),2024-09-19,채용시까지
(주)목성엔지니어링**목성 이시아폴리스더샵3차 시설대리 구인공고**,이시아폴리스더샵3차,대구광역시 동구 팔공로53길 10,2024-09-19,2024-09-30
(주)목성엔지니어링**목성 범어삼성쉐르빌 기전기사 구인공고**,범어삼성쉐르빌,대구 수성구 청호로 426,2024-09-19,2024-09-29
"[명성티엠에스][입주]시설과장, 시설주임, 시설기사 구인",교대역푸르지오트레힐즈,대구시 남구 이천로 105-5(이천동),2024-09-19,채용시까지
(주)굿모닝이엔씨기전주임,오페라삼정그린코아더베스트,대구 북구 침산로 100,2024-09-19,채용시까지
[명성티엠에스][입주]시설과장 구인,"화원동화아이위시 오피스텔,상가",대구시 달성군 화원읍 명곡리 230-8,2024-09-19,채용시까지
"[명성티엠에스][입주]시설과장, 특급소방, 시설기사 구인",화원 동화아이위시 아파트,대구시 달성군 화원읍 명곡리 230-8,2024-09-19,채용시까지
(주)목성엔지니어링**목성 창신황제타운 전기과장 구인공고**,창신황제타운,경상북도 경산시 황제1길 86-31,2024-09-19,2024-09-25
(주)목성엔지니어링**목성 각산서한이다음 전기과장 구인공고**,각산서한이다음,대구 동구 반야월북로 167,2024-09-19,2024-09-26
소방과장1명(1급대상지),반월당아너스제네스 오피스텔,중구 중앙대로 312,2024-09-14,채용시까지
(주)목성엔지니어링**목성 교대역하늘채뉴센트원 기전과장 구인공고**,교대역하늘채뉴센트원,대구광역시 남구 중앙대로 187,2024-09-13,2024-09-19
자치관리전기과장,아름다운나날2단지,대구시 동구 동호로88,2024-09-13,채용시까지
우리관리(주)전기 과장,서희스타힐스테이,대구광역시 북구 내곡로 90,2024-09-12,2024-09-27
소장및 전기안전관리자 겸직,반월당아너스제네스 오피스텔,중구 중앙대로 312,2024-09-12,채용시까지
(주)굿모닝이엔씨기전주임,오페라삼정그린코아더베스트,대구 북구 침산로 100,2024-09-11,채용시까지
[나라솔루션]오페라스위첸 전기과장 구인공고,대구 오페라스위첸,대구 북구 칠성남로14길 14,2024-09-11,채용시까지
(주)영일에이치오엠전기과장,경산 사동휴먼시아2단지,경산시 솔숲길 100,2024-09-11,채용시까지
(주)목성엔지니어링**목성 월성센트로파크 기전과장 구인공고**,월성센트로파크,대구광역시 달서구 구마로14남길 55,2024-09-11,2024-09-18
[동우씨엠(주)]시설주임 채용,동우/앞산봉덕영무예다음,대구광역시 남구 대봉로 12,2024-09-10,채용시까지
(주)굿모닝이엔씨기전주임,수성롯데캐슬더퍼스트,대구 수성구 수성로 69길 65 (202동 지하),2024-09-10,채용시까지
자치관리기전과장 구인,대곡역그린빌,대구 달성군 화원읍 명천로 57,2024-09-10,채용시까지
(주)상원에스앤씨시설과장/격일제근무,시지반도유보라/상원,대구시 수성구 욱수천로 87(신매동),2024-09-10,2024-09-19
(주)굿모닝이엔씨기전과장,수성골드클래스더센텀,대구광역시 수성구 수성로 185(중동),2024-09-10,채용시까지
대흥종합관리(주)시설주임,수목원호정포레스트,대구시 달서구 갈밭남로 17,2024-09-09,채용시까지
[나라솔루션]경산펜타힐즈푸르지오2차 전기과장 / 기전주임(2명) 구인공고,경산펜타힐즈푸르지오2차,경북 경산시 중산동 686,2024-09-09,채용시까지
"자치기전주임1명, 기전기사1명",장기파랑새마을,대구시 달서구 한들로 70 장기파랑새마을 관리사무소,2024-09-09,채용시까지
대주주택관리전기과장 구인,혁신천년나무6단지,대구시 동구 과학로 23,2024-09-09,채용시까지
[나라솔루션]동대구2차비스타동원 전기과장 구인공고,동대구2차비스타동원,대구 동구 효목동 627-1,2024-09-09,채용시까지
남부건업전기과장,옥포대성베르힐6단지,옥포대성베르힐6단지,2024-09-09,채용시까지
(주)목성엔지니어링**목성 창신황제타운 전기과장 구인공고**,창신황제타운,경상북도 경산시 황제1길 86-31,2024-09-09,2024-09-16
(주)목성엔지니어링**목성 각산서한이다음 전기과장 구인공고**,각산서한이다음,대구 동구 반야월북로 167,2024-09-09,2024-09-16
기전과장(급구),하양청구1차,"경북 경산시 하양읍 하양로33길 6 (동서리, 하양1차청구타운)",2024-09-06,채용시까지
(주)굿모닝이엔씨관리과장,대실역청아람2단지,대구 달성군 다사읍 대실역북로 26,2024-09-06,채용시까지
시설직원모집,대구행복기숙사,대구시 중구 서성로20길25,2024-09-06,채용시까지
(주)굿모닝이엔씨기전과장,해링턴플레이스 반월당2차,대구 중구 중앙대로61길 28-6,2024-09-06,채용시까지
자치관리전기주임,선화청구타운,경북 경산시 진량읍 영청길 22,2024-09-05,채용시까지
【상일종합관리】과장 구인,평리푸르지오,대구시 서구 국채보상로 50길20,2024-09-05,2024-09-20
(주)굿모닝이엔씨기전주임,오페라삼정그린코아더베스트,대구 북구 침산로 100,2024-09-05,채용시까지
동우씨엠(주)전기과장,신당한화꿈에그린,대구 달서구 달서대로 719,2024-09-05,채용시까지
(주)굿모닝이엔씨관리과장,유천포스코더샵,대구 달서구 달서대로 67,2024-09-04,채용시까지
[나라솔루션]오페라스위첸 전기과장 구인공고,대구오페라스위첸,대구 북구 칠성남로14길 14,2024-09-04,채용시까지
대주주택관리전기과장 구인,강창하이츠,대구시 달성군 달구벌대로 814,2024-09-04,채용시까지
【상일종합관리】관리계장 구인,경산하양제일풍경채,경상북도 경산시 하양읍 서사도리로 11,2024-09-04,2024-09-22
【상일종합관리】과장 구인,수성센트럴화성파크드림,대구시 수성구 중동 179,2024-09-04,2024-09-18
(주)맨투맨써비스관리과장,청라힐스자이,대구시 중구 남산로 73,2024-09-03,2024-09-14
(주)성보티시에스전기과장구인,경산신대e-편한세상,경북 경산시 압량읍 압독로38-10,2024-09-03,채용시까지
(주)굿모닝이엔씨기전주임,중산자이 1단지,경상북도 경산시 펜타힐즈1로 130,2024-09-03,채용시까지
[동우씨엠(주)]시설책임(전기과정) 채용,동우/수성하이츠,대구광역시 수성구 수성로 393,2024-09-02,2024-09-13
[나라솔루션]동대구2차비스타동원 전기과장 / 칠곡2차보성서한 기전기사 구인공고,동대구2차비스타동원 / 칠곡2차보성서한,대구 동구 효목동 637-1 / 대구 북구 팔거천동로 104,2024-09-02,채용시까지
(주)한국티씨엠기전과장,경산현대타운,경산시 정평동,2024-09-02,채용시까지
관리과장,죽곡휴먼시아1단지,대구시 달성군 다사읍 대실역북로1길 6,2024-09-02,채용시까지
소장및 전기안전관리자 겸직,반월당아너스제네스오피스텔,중구 중앙대로312,2024-09-02,채용시까지
[동우씨엠(주)]시설책임(보일러) 채용,동우/ 녹원맨션아파트,대구 수성구 무학로 189번지,2024-08-30,채용시까지
대흥종합관리(주)시설주임,수목원 호정포레스트,대구시 달서구 갈밭남로 17,2024-08-30,채용시까지
(주)휴먼피플(주)휴먼피플/경산 삼북주공아파트 전기과장 구인,경산 삼북주공아파트,경북 경산시 장산로 152,2024-08-30,채용시까지
(주)명성티엠에스[긴급] 입주OP상가 관리소장님 구인,힐스테이트만촌엘퍼스트,대구시 수성구 달구벌대로 2564,2024-08-30,채용시까지
(주)동우씨엠전기과장(기계설비유지관리자),신서신일해피트리,대구시 동구 반야월로 370원,2024-08-29,채용시까지
(주)목성엔지니어링**목성 각산서한이다음 전기과장 구인공고**,각산서한이다음,대구 동구 반야월북로 167,2024-08-29,2024-09-05
(주)목성엔지니어링**목성 창신황제타운 전기과장 구인공고**,창신황제타운,경상북도 경산시 황제1길 86-31,2024-08-29,2024-09-05
(주)목성엔지니어링**목성 죽곡청아람리슈빌4단지 기전과장 구인공고**,죽곡청아람리슈빌4단지,대구광역시 달성군 다사읍 대실역남로 35,2024-08-29,2024-09-05
[동우씨엠(주)]관리과장(시설책임) 채용,동우 / 태왕아너스베스트,대구광역시 달서구 월배로33길 117,2024-08-29,채용시까지
"(주)한국티씨엠시설과장(1명), 시설주임(4명),경리주임(1명)",경산현대타운,경산시 정평동,2024-08-28,채용시까지
(주)굿모닝이엔씨【긴급】 기전주임,해링턴플레이스 반월당2차,대구 중구 중앙대로61길 28-6,2024-08-28,채용시까지
[동우씨엠(주)]기전기사(시설주임) 채용,동우 / 칠곡 화성센트럴파크 아파트,"대구시 북구 대천로 100(동천동, 화성센트럴파크 아파트)",2024-08-28,채용시까지
[나라솔루션]힐스테이트 동인센트럴  / 오페라스위첸,힐스테이트 동인센트럴 / 오페라스위첸,대구 중구,2024-08-27,채용시까지
(주)굿모닝이엔씨기전과장,안심청아람 더 영,대구 동구 율암동 1294,2024-08-27,채용시까지
(주)우리관리시설기사,월성삼정그린코아에듀파크,대구광역시 달서구 월성로 100,2024-08-27,채용시까지
(주)명성티엠에스[긴급] 입주OP상가 관리소장님 구인,힐스테이트만촌엘퍼스트,대구시 수성구 달구벌대로 2564,2024-08-27,채용시까지
-,,,2024-08-27,2024-09-02
전기과장(자치),수성우방팔레스,대구광역시 수성구 수성로 400,2024-08-27,2024-08-30
(주)성보티씨에스긴급/관리과장 구인,안심역삼정그린코아아더베스트,대구광역시 동구 반야월북로 355,2024-08-27,2024-08-28
(주)굿모닝이엔씨전기과장,SD아이프라임강북,대구 북구 칠곡중앙대로 125길 7,2024-08-27,채용시까지
성진자산관리(주)아파트 시설과장 모집,시지 센트레빌,대구시 수성구 달구벌대로622길 9,2024-08-26,2024-09-10
(주)목성엔지니어링**목성 방촌역세영리첼더퍼스트 기전과장 구인공고**,방촌역세영리첼더퍼스트,대구광역시 동구 동촌로 260,2024-08-26,2024-09-02
대흥종합관리(주)시설주임 (기계설비유지관리자 중급 선임 가능자),수목원호정포레스트,대구시 달서구 갈밭남로 17,2024-08-26,채용시까지
남부건업전기과장,옥포대성베르힐6단지,대구광역시 달성군 옥포면 돌미로8길19,2024-08-26,채용시까지
(주)목성엔지니어링**수성엘코어하이엔드타워 관리소장 구인공고 **,수성엘코어하이엔드타워,,2024-08-26,2024-09-06
(주)목성엔지니어링(급여인상) **목성 대곡역화성파크드림 기전과장 구인공고**,대곡역화성파크드림,대구 달서구 달서대로 41,2024-08-26,2024-08-29
(주)목성엔지니어링**목성 각산서한이다음 전기과장 구인공고**,각산서한이다음,대구 동구 반야월북로 167,2024-08-26,2024-08-29
(주)굿모닝이엔씨시설계장,월배1차 아이파크,대구 달서구 조암남로 182,2024-08-26,채용시까지
(주)굿모닝이엔씨《급여인상》 기전과장,해링턴플레이스 반월당2차,대구 중구 중앙대로61길 28-6,2024-08-23,채용시까지
자치관리관리(기전)과장,3차그린맨션(지역난방),대구달서구구마로36길33,2024-08-23,채용시까지
(주)에코텍전기과장,대구역앞 오피스텔,대구시 북구 중앙대로 513,2024-08-23,2024-09-10
(주)굿모닝이엔씨전기과장,달성파크푸르지오 힐스테이트,대구시 중구 달성로 123,2024-08-23,채용시까지
자치관리기전과장 기전주임 기전기사 구인,대곡역그린빌,대구 달성군 화원읍 명천로 57,2024-08-23,채용시까지
대주주택관리(주)전기과장 구인,혁신천년나무6단지,대구시 동구 과학로 23,2024-08-23,채용시까지
【상일종합관리】과장 구인,만촌자이르네,대구광역시 수성구 교학로19길 19,2024-08-23,채용시까지
【상일종합관리】과장 구인,힐스테이트 다사역,대구시 달성군 매곡로 12길 22,2024-08-23,채용시까지
청하종합개발(주)기전주임,금호윤성모닝타운,경상북도 영천시 원제2길 16-8,2024-08-23,채용시까지
(주)명성티엠에스관리소장님 구인,만촌역태왕디아너스애비뉴,대구 수성구 만촌동 1041-1번지,2024-08-22,채용시까지
(주)명성티엠에스관리소장 및 소방계장 구인,범어센트럴OP상가,대구시 수성구 상록로 15,2024-08-22,채용시까지
(주)목성엔지니어링**목성 이시아폴리스더샵3차 시설대리 구인공고**,이시아폴리스더샵3차,대구광역시 동구 팔공로53길 10,2024-08-22,2024-08-29
(주)목성엔지니어링**목성 죽곡청아람리슈빌4단지 기전과장 구인공고**,죽곡청아람리슈빌4단지,대구광역시 달성군 다사읍 대실역남로 35,2024-08-22,2024-08-29
【상일종합관리】과장 구인,경산하양코아루1차,경북 경산시 하양로37길 17,2024-08-22,채용시까지
(주)성보티씨에스관리과장 구인,안심역삼정그린코아더베스트,대구광역시 동구 반야월북로 355,2024-08-22,채용시까지
전기과장 구인,아름다운나날2단지,대구시 동구 동호로 88(신서동),2024-08-22,채용시까지
【상일종합관리】과장 구인(긴급),중산자이2단지,경북 경산시 펜타힐즈1로 84,2024-08-22,채용시까지
【상일종합관리】과장 구인,테크노폴리스예미지더센트럴,대구시 달성군 유가읍 테크노북로260,2024-08-22,채용시까지
[명성티엠에스]전기과장 구인,죽전역 동화아이위시,대구광역시 달서구 와룡로 123 (관리사무소),2024-08-22,채용시까지
[나라솔루션]오페라스위첸 기전주임 구인,대구오페라스위첸,대구 북구,2024-08-21,채용시까지
[명성티엠에스]전기과장 구인,대구역 제일풍경채위너스카이,대구시 중구 달성로 26길 70,2024-08-21,채용시까지
【상일종합관리】과장 구인,수성센트럴화성파크드림,대구시 수성구 중동 179,2024-08-21,채용시까지
(주)목성엔지니어링** 목성 특급 소방안전관리자 구인공고 **,수성구 지역,수성구 지역,2024-08-21,2024-08-25
(주)광명티엠씨기전과장 1명 긴급 구인,수성3가롯데캐슬,대구광역시 수성구 명덕로 455,2024-08-21,채용시까지
동우씨엠(주)기관과장(중앙난방방식),칠곡3차화성타운,대구광역시 북구 대천로 101,2024-08-21,2024-08-26
[나라솔루션]빌리브 프리미어 전기과장 / 기전주임 구인,빌리브 프리미어,대구시 중구 삼덕동,2024-08-21,채용시까지
【상일종합관리】과장 구인,하양평광타운,경북 경산시 하양읍 대학로 295길 42,2024-08-21,채용시까지
동우씨엠(주)시설주임,동우 / 월배역 라온프라이빗 아파트,대구시 달서구 월배로 33길 53,2024-08-21,채용시까지
남부건업전기과장 구인,옥포대성베르힐6단지,대구광역시 달성군 옥포면 돌미로8길 19,2024-08-21,채용시까지
(주)청풍산업소방1급선임/시설기사님 모집합니다. (격일제),경산하양파인앤유더퍼스트,경북 경산시 하양읍 지식산업로 4길 8,2024-08-20,채용시까지
◈(주)한보주택관리◈기전과장 구인,금류강남타운1차,(화원역 5분거리) 경상북도 고령군 다산면 상곡1길 15,2024-08-20,채용시까지
◈(주)한보주택관리◈전기과장 구인,대곡한라하우젠트,대구시 달서구 비슬로 2724,2024-08-20,채용시까지
"(주)명성티엠에스[입주]시설과장, 특급소방, 시설주임 구인",동성로SK리더스뷰,대구시 중구 삼덕동2가 5번지 일원,2024-08-20,채용시까지
【상일종합관리】과장 구인,힐스테이트범어/힐스테이트황금동,대구시 수성구 범어로18길 22/대구시 수성구 청수로 274,2024-08-20,2024-08-31
"(주)굿모닝이엔씨기전과장,소방계장",해링턴플레이스 반월당2차,대구 중구 중앙대로61길 28-6,2024-08-20,채용시까지
[명성티엠에스]기전주임 구인,힐스테이트앞산센트럴 아파트,대구시 남구 대덕로 162(관리사무소),2024-08-20,채용시까지
(주)굿모닝이엔씨【재공고】 전기과장,SD아이프라임강북,대구 북구 칠곡중앙대로 125길 7,2024-08-20,채용시까지
동우씨엠(주)시설(전기)과장,동우 / 브라운스톤범어,대구 수성구 동대구로 354,2024-08-19,채용시까지
[명성티엠에스]관리소장 구인,범어센트럴푸르지오 오피스텔 상가,대구시 수성구 상록로 15,2024-08-19,채용시까지
(주)목성엔지니어링**목성 각산서한이다음 전기과장 구인공고**,각산서한이다음,대구 동구 반야월북로 167,2024-08-19,2024-08-25
【상일종합관리】과장 구인,서대구역서한이다음더퍼스트,대구 서구 국채보상로37길38,2024-08-19,2024-08-31
[나라솔루션]동대구비스타동원2차 전기과장 구인,동대구비스타동원2차,대구 동구,2024-08-19,채용시까지
★(주)맨투맨써비스★ 서대구센트럴자이 아파트 시설기사 모집,서대구센트럴자이아파트,대구 서구 고성로 33,2024-08-19,채용시까지
[명성티엠에스]기전주임 구인,힐스테이트도원센트럴 오피스텔 상가,대구시 중구 태평로 50,2024-08-19,채용시까지
[나라솔루션]빌리브 클라쎄  / 동대구더센트로데시앙 기전주임 구인,빌리브클라쎄/동대구더센트로데시앙,대구 달서구 / 대구 동구,2024-08-19,채용시까지
【상일종합관리】과장 구인,수성데시앙리버뷰,대구광역시 수성구 희망로 20길 10,2024-08-19,채용시까지
관리과장,시지4차 태왕레전드,대구광역시 수성구 욱수천로 27,2024-08-19,2024-08-26
상일종합관리과장 구인,오페라코오롱하늘채,대구광역시 북구 중앙대로 540,2024-08-19,채용시까지
★(주)맨투맨써비스★ 해링턴플레이스동대구 시설주임 모집,해링턴플레이스동대구,대구광역시 동구 경대로 126 (신암동),2024-08-19,채용시까지
자치관리기전기사,장기파랑새마을,대구시 달서구 한들로 70,2024-08-19,채용시까지
(주)목성엔지니어링(급여인상) **목성 창신황제타운 전기과장 구인공고**,창신황제타운,경상북도 경산시 황제1길 86-31,2024-08-19,2024-08-25
(주)목성엔지니어링**목성 봉무청구새들마을 기전주임 구인공고**,봉무청구새들마을,대구광역시 동구 팔공로 322-5,2024-08-19,2024-08-25
(주)우리관리시설기사,월성삼정그린코아에듀파크,대구광역시 달서구 월성로 100,2024-08-19,채용시까지
(주)굿모닝이엔씨전기과장,달성파크푸르지오 힐스테이트,대구시 중구 달성로 123,2024-08-19,채용시까지
【에스엘산업개발】관리과장 구인,대구역한라하우젠트센텀,대구광역시 북구 칠성남로100,2024-08-19,채용시까지
상일종합관리기사 구인,상인역모아엘가파크뷰,대구광역시 달서구  상화북로 162,2024-08-16,채용시까지
[나라솔루션]전기과장 구인공고,빌리브죽전 / 죽전역코아루더리브,대구 달서구,2024-08-16,2024-08-21
(주)목성엔지니어링**목성 이시아폴리스더샵3차 시설대리 구인공고**,이시아폴리스더샵3차,대구광역시 동구 팔공로53길 10,2024-08-16,2024-08-21
(주)목성엔지니어링**목성 죽곡청아람리슈빌4단지 기전과장 구인공고**,죽곡청아람리슈빌4단지,대구광역시 달성군 다사읍 대실역남로 35,2024-08-16,2024-08-21
전기산업기사,(주)수채화,"대구광역시 서구 달구벌대로 337길 47, 2층",2024-08-16,채용시까지
(주)목성엔지니어링(급여인상) **목성 대곡역화성파크드림 기전과장 구인공고**,대곡역화성파크드림,대구 달서구 달서대로 41,2024-08-16,2024-08-25
시설계장,월배1차 아이파크 / 『 굿모닝이엔씨 』,대구 달서구 조암남로 182,2024-08-16,채용시까지
이랜드 서비스관리팀장(시설팀장),PEER 대명점 (공공지원 민간임대주택),대구시 남구 명덕로 142 (대명동),2024-08-16,2024-08-28
【상일종합관리】관리과장 구인,수성태영데시앙,대구광역시 수성구 들안로 360,2024-08-16,2024-08-31
★(주)맨투맨써비스★ 힐스테이트대구역오페라 아파트 시설주임 모집,힐스테이트대구역오페라아파트,대구광역시 북구 칠성남로 30(고성동1가),2024-08-16,채용시까지
관리대리1,아너스제네스타워 오피스텔,대구 중구 중앙대로312,2024-08-14,채용시까지
자체관리관리과장(팀장),3차그린맨션,대구시 달서구 구마로36길33,2024-08-14,채용시까지
[명성티엠에스][긴급] 기전기사 구인,죽전역 동화아이위시,대구시 달서구 와룡로 123,2024-08-14,채용시까지
전기과장,오페라클래시아3차오피스텔,대구 북구 칠성동2가 296-2대구오페라클래시아,2024-08-14,2024-08-22
[명성티엠에스]기전주임 구인,대구역 제일풍경채위너스카이/힐스테이트도원센트럴 오피스텔 상가,대구 중구 수창동 50-10번지,2024-08-14,채용시까지
(주)목성엔지니어링**목성 반월당역서한포레스트 시설주임 구인공고**,반월당역서한포레스트,대구 중구 중앙대로 67길 11,2024-08-14,2024-08-21
(주)우리관리시설기사,월성삼정그린코아에듀파크,대구광역시 달서구 월성로 100,2024-08-14,채용시까지
【상일종합관리】과장 구인,율하리버파크,대구광역시 동구 율하동로 19,2024-08-14,채용시까지
[명성티엠에스]시설과장 구인,수성구지역,수성구 지역,2024-08-14,채용시까지
"나라솔루션전기과장, 시설계장 구인공고",호반써밋수성 / 월배라온프라이빗디엘,대구 수성구/ 대구 달서구,2024-08-14,채용시까지
"(주)굿모닝이엔씨【긴급】 시설기사,기전계장",수성 범어W / 수성 범어W오피스텔,대구 수성구 범어동 193-14 / 189-3,2024-08-13,채용시까지
상일종합관리과장 구인(급여인상!!),오페라코오롱하늘채,대구광역시 북구 중앙대로 540,2024-08-13,채용시까지
【상일종합관리】과장 구인,힐스테이트 펜타힐즈,경북 경산시 펜타힐즈2로 10,2024-08-13,채용시까지
(주)굿모닝이엔씨【재공고】 기전과장,동대구역엘크루 더 센트럴,대구 동구 신암남로 111,2024-08-13,채용시까지
(주)굿모닝이엔씨【재공고】 전기과장,SD아이프라임강북,대구 북구 칠곡중앙대로 125길 7,2024-08-13,채용시까지
◈(주)한보주택관리◈관리계장 구인,월배힐스테이트,대구시 달서구 조암남로 132,2024-08-13,채용시까지
(주)굿모닝이엔씨【긴급】 기전과장,힐스테이트데시앙 도남4단지,대구시 북구 도남중앙로 8길 8,2024-08-13,채용시까지
(주)목성엔지니어링** 목성 특급 소방안전관리자 구인공고 **,수성구 지역,수성구 지역,2024-08-13,2024-08-20
(주)굿모닝이엔씨시설주임,월배1차 아이파크,대구 달서구 조암남로 182,2024-08-12,채용시까지
"◈(주)한보주택관리◈관리과장, 관리대리",★신규★서대구역센텀화성파크드림,대구시 서구 평리동 1502-1,2024-08-12,채용시까지
"★(주)맨투맨써비스★ 해링턴플레이스동대구 전기과장, 시설주임 모집",해링턴플레이스동대구,대구광역시 동구 경대로 126 (신암동),2024-08-12,채용시까지
【상일종합관리】과장 구인,테크노폴리스예미지더센트럴,대구시 달성군 유가읍 테크노북로260,2024-08-12,채용시까지
(주)우리관리시설주임,월성삼정그린코아에듀파크,대구광역시 달서구 월성로 100,2024-08-12,채용시까지
★(주)맨투맨써비스★ 서대구센트럴자이 아파트 시설기사 모집,서대구센트럴자이아파트,대구 서구 고성로 33,2024-08-12,채용시까지
"나라솔루션전기과장, 기전주임 구인공고",대구오페라스위첸 / 안심역서원프레시빌,대구 북구 / 대구 동구,2024-08-12,채용시까지
【상일종합관리】과장 구인,수성센트럴화성파크드림,대구시 수성구 중동 179,2024-08-12,채용시까지
(주)목성엔지니어링** 목성 삼우청솔타운 기전과장 구인공고 **,삼우청솔타운,대구 달성군 비슬로 539길 17,2024-08-12,2024-08-19
-,,,2024-08-12,2024-08-18
(주)목성엔지니어링**목성 죽곡청아람리슈빌4단지 기전과장 구인공고**,죽곡청아람리슈빌4단지,대구광역시 달성군 다사읍 대실역남로 35,2024-08-12,2024-08-15
[나라솔루션]관리사무소 직원구인,빌리브죽전/해링턴플레이스감삼2/힐스테이트감삼센트럴,대구 달서구,2024-08-09,채용시까지
[명성티엠에스]기전가사 구인,범어센트럴푸르지오 오피스텔 상가,대구시 수성구 상록로 15 (관리사무소),2024-08-09,채용시까지
[명성티엠에스]기전주임 구인,대구역 제일풍경채위너스카이,대구 대구시 중구 수창동 50-10,2024-08-09,채용시까지
(주)목성엔지니어링**목성 반월당역서한포레스트 시설주임 구인공고**,반월당역서한포레스트,대구 중구 중앙대로 67길 11,2024-08-09,2024-08-13
동우씨엠(주)전기과장(시설책임),동우 / 월배역 라온프라이빗,대구시 달서구 월배로 33길 53,2024-08-09,채용시까지
(주)굿모닝이엔씨【긴급】 기전계장,수성 범어 더블유 오피스텔,대구 수성구 범어동 189-3,2024-08-09,채용시까지
(주)목성엔지니어링**목성 대곡역화성파크드림 기전과장 구인공고**,대곡역화성파크드림,대구 달서구 달서대로 41,2024-08-09,2024-08-16
(주)성보티씨에스전기과장구인,경산신대e-편한세상,경북 경산시 압량읍 압독로 38-10,2024-08-09,채용시까지
(주)굿모닝이엔씨전기과장,SD아이프라임강북,대구 북구 칠곡중앙대로 125길 7,2024-08-09,채용시까지
(주)명성티엠에스상가 관리소장님 구인,만촌역태왕디아너스애비뉴,대구 수성구 만촌동 1041-1번지 일원,2024-08-08,채용시까지
[명성티엠에스]전기과장 구인(임금인상),강북태왕아너스더퍼스트,대구 북구 칠곡중앙대로 110길 10,2024-08-08,채용시까지
대주주택관리전기과장 구인,혁신천년나무6단지,대구시 동구 과학로 23,2024-08-08,채용시까지
나라솔루션기전기사 채용공고,월배삼정그린코아포레스트,대구 달서구,2024-08-07,채용시까지
★(주)맨투맨써비스★ 청라힐스자이 아파트 시설주임 모집,청라힐스자이,대구광역시 중구 남산로 73(남산동),2024-08-07,채용시까지
나라솔루션기전기사 구인공고,빌리브죽전,대구 달서구,2024-08-07,채용시까지
상일종합관리과장구인(긴급),국가산단줌파크,대구광역시 달성군 국가산단대로64길 63,2024-08-07,채용시까지
"(주)굿모닝이엔씨기전과장, 소방계장",【신규】 해링턴플레이스 반월당2차,대구 중구 중앙대로61길 28-6,2024-08-07,채용시까지
(주)목성엔지니어링** 목성 동촌역태왕아너스르네상스 기전과장 구인공고**,동촌역태왕아너스르네상스,대구 동구 동촌로 100,2024-08-07,2024-08-14
상일종합관리과장 구인,테크노폴리스 남해오네뜨2차,대구광역시 달성군 유가읍 테크노대로5길 57,2024-08-07,채용시까지
(주)굿모닝이엔씨기전과장,서변청아람 아파트,대구 북구 호국로 57길 20,2024-08-06,채용시까지
(주)상원에스앤씨시설과장/격일제근무,시지반도유보라,대구시 수성구 욱수천로 87(신매동),2024-08-06,2024-08-13
【상일종합관리】과장 구인,하양평광타운,경북 경산시 하양읍 대학로 295길 42,2024-08-06,채용시까지
(주)목성엔지니어링** 목성 특급 소방안전관리자 구인공고 **,수성구 지역,수성구 지역,2024-08-06,2024-08-13
(주)목성엔지니어링** 목성 대우트럼프월드수성 방재(과장)직원 채용공고  **,대우트럼프월드수성,대구광역시 수성구 동대구로 59,2024-08-06,2024-08-13
"나라솔루션전기과장, 시설계장 구인공고",호반써밋수성 / 힐스테이트감삼센트럴,대구 수성구 / 대구 달서구,2024-08-06,채용시까지
【상일종합관리】과장 구인(긴급!!),중방e편한세상2단지,경북 경산시 대학로 28길 31,2024-08-06,채용시까지
【상일종합관리】격일제 과장 구인,수성데시앙리버뷰,대구광역시 수성구 희망로 20길 10,2024-08-06,채용시까지
자치관리기전과장,대평그린빌,경산시 경안로69길12,2024-08-06,채용시까지
(주)대호안전관리공사관리과장,연경숲아파트,대구광역시 북구 연경중앙로 55,2024-08-06,2024-08-31
동우라이프산업전기과장 구인,동우 / 봉덕화성파크드림,남구 대봉로 14길 30,2024-08-05,채용시까지
(주)목성엔지니어링**목성 창신황제타운 전기과장 구인공고**,창신황제타운,경상북도 경산시 황제1길 86-31,2024-08-05,2024-08-12
(주)목성엔지니어링**목성 죽곡청아람리슈빌4단지 기전과장 구인공고**,죽곡청아람리슈빌4단지,대구광역시 달성군 다사읍 대실역남로 35,2024-08-05,2024-08-12
자이에스앤디시설팀장,복현자이 아파트,대구시 북구 공항로 16,2024-08-05,채용시까지
(주)광명티엠씨전기과장 긴급 구인,영남네오빌,대구시 동구 동촌로 190,2024-08-05,채용시까지
기전과장 구인,효성타운,대구광역시 남구 효성중앙길 37,2024-08-05,채용시까지
자치관리전기과장,아름다운나날2단지,대구광역시 동구 동호로88(신서동),2024-08-05,채용시까지
나라솔루션관리사무소 직원 구인공고,월배라온프라이빗디엘,대구 달서구,2024-08-05,채용시까지
(주)굿모닝이엔씨전기과장,SD아이프라임 강북아파트,대구 북구 칠곡중앙대로 125길 7,2024-08-05,채용시까지
【상일종합관리】과장 구인,율하리버파크,대구광역시 동구 율하동로 19,2024-08-05,채용시까지
【상일종합관리】관리과장 구인,한신더휴이스턴팰리스,대구광역시 북구 매전로4길 31,2024-08-05,채용시까지
(주)동우씨엠전기과장,신당한화꿈에그린,대구 달서구 달서대로 719,2024-08-05,채용시까지
【상일종합관리】과장 구인,힐스테이트 펜타힐즈,경북 경산시 펜타힐즈2로 10,2024-08-02,2024-08-18
【상일종합관리】과장 구인,서대구역서한이다음더퍼스트,대구 서구 국채보상로37길38,2024-08-02,2024-08-14
【상일종합관리】과장 구인,하양제일풍경채,경북 경산시 하양읍 서사도리로 11,2024-08-02,2024-08-14
자이에스앤디(주)시설팀장,중산자이1단지,경북 경산시 펜타힐즈1로 130,2024-08-02,채용시까지
[나라솔루션]기전주임 구인 공고,안심역서원프레시빌,대구 동구,2024-08-02,채용시까지
(주)굿모닝이엔씨소방대리 (특급),범어숲화성파크드림S,대구 수성구 동대구로 376,2024-08-02,채용시까지
(주)굿모닝이엔씨기전과장,대구 달서구 소재 【과장】구인,대구 달서구,2024-08-02,채용시까지
(주)휴먼피플(주)휴먼피플/경산 삼북주공아파트 전기과장 구인,경산 삼북주공아파트,경북 경산시 장산로 152,2024-08-01,채용시까지
기술인력,(주)수채화,"대구광역시 서구 달구벌대로 337길 47, 2층",2024-08-01,2024-08-31
기전과장,청운맨션(자치관리),대구시 중구 동덕로 33,2024-08-01,2024-08-08
【상일종합관리】시설계장 구인,수성더팰리스푸르지오더샵,대구시 수성구 파동로 188,2024-08-01,채용시까지
목성엔지니어링**목성 대곡역화성파크드림 기전과장 구인공고**,대곡역화성파크드림,대구 달서구 달서대로 41,2024-08-01,2024-08-10
청하종합관리(주)기전과장,불로서한이다음,대구시 동구 공항로 148,2024-08-01,채용시까지
【상일종합관】과장 구인,힐스테이트범어,대구시 수성구 범어로18길 22,2024-08-01,2024-08-11
자치관리전기주임(전기 기능사 이상 자격소지자),대곡사계절타운,"대구광역시 달서구 한실로 117 (도원동, 대곡사계절타운)",2024-08-01,2024-08-15
[명성티엠에스]전기과장 구인,대구역 제일풍경채위너스카이,대구시 중구 달성로26길 70,2024-07-31,채용시까지
(주)우리관리시설주임,월성삼정그린코아에듀파크,대구광역시 달서구 월성로 100,2024-07-31,채용시까지
【상일종합관리】과장 구인,오페라코오롱하늘채,대구광역시 북구 중앙대로 540,2024-07-31,채용시까지
【상일종합관리】과장 구인,힐스테이트황금동,대구시 수성구 청수로 274,2024-07-31,채용시까지
【상일종합관리】기전과장 구인,경산한신휴플러스,경북 경산시 김유신로 11,2024-07-31,채용시까지
★(주)맨투맨써비스★ 더샵수성오클레어아파트 전기과장 모집,더샵수성오클레어,대구시 수성구 희망로19길 29,2024-07-31,채용시까지
[명성티엠에스]전기과장 구인(긴급),강북태왕아너스더퍼스트,대구 북구 칠곡중앙대로 110길 10,2024-07-31,채용시까지
동우씨엠(주)시설과장,래미안웰리스트,"대구광역시 남구 효성중앙길 82 (봉덕동, 래미안웰리스트 )",2024-07-30,채용시까지
【상일종합관리】과장 구인(긴급),중산자이2단지,경북 경산시 펜타힐즈1로 84,2024-07-30,채용시까지
◈(주)한보주택관리◈기전주임,성서삼성명가타운,대구시 달서구 호산로 125,2024-07-30,채용시까지
관리과장 구인,장기누림타운,대구광역시 달서구 한들로 31 (장기동),2024-07-30,채용시까지
(주)굿모닝이엔씨【긴급】 기전과장,월성서한이다음,대구 달서구 학산로 15,2024-07-30,채용시까지
나라솔루션전기과장 구인공고,수성뷰웰리버파크,대구 수성구,2024-07-30,채용시까지
【상일종합관리】과장 구인(긴급!!),경산하양우미린,경북 경산시 하양읍 서사도리로70,2024-07-30,2024-08-10
부강주택관리전기과장,경주외동2단지부영아파트,경주외동읍산업로1767,2024-07-29,채용시까지
【상일종합관리】과장 구인,테크노폴리스 남해오네뜨2차,대구광역시 달성군 유가읍 테크노대로5길 57,2024-07-29,채용시까지
『 (주)굿모닝이엔씨 』전기과장,SD아이프라임 강북아파트,대구 북구 칠곡중앙대로 125길 7,2024-07-29,채용시까지
-,,,2024-07-29,2024-08-05
(주)목성엔지니어링**목성 죽곡청아람리슈빌4단지 기전과장 구인공고**,죽곡청아람리슈빌4단지,대구광역시 달성군 다사읍 대실역남로 35,2024-07-29,2024-08-05
동우씨엠(주)시설책임(전기 과장),동우 / 수성하이츠,대구광역시 수성구 수성로 393,2024-07-29,2024-08-09
[명성티엠에스]기전주임 구인,달성파크 푸르지오 힐스테이트,대구시 중구 달성로 123,2024-07-29,채용시까지
[명성티엠에스]관리소장 구인,만촌역태왕디아너스애비뉴,대구 수성구 만촌동 1041-1번지,2024-07-29,채용시까지
[명성티엠에스]기전주임 구인,대구역 제일풍경채위너스카이,대구 대구시 중구 수창동 50-10,2024-07-29,채용시까지
기전 대리,반월당 아너스 제네스 타워,대구광역시 중구 중앙대로 312,2024-07-28,채용시까지
[명성티엠에스]전기과장 구인,강북태왕아너스더퍼스트,대구시 북구 칠곡중앙대로110길 10,2024-07-26,채용시까지
전기과장 구인,범물우방미진하이츠,대구시 수성구 지범로 290,2024-07-26,2024-08-19
◈(주)한보주택관리◈전기과장,영천인터불고코아루,경상북도 영천시 창신1길 42,2024-07-26,채용시까지
대주주택관리(주)전기과장 구인,혁신천년나무6단지,대구시 동구 과학로 23,2024-07-26,채용시까지
『 (주)굿모닝이엔씨 』기전과장,서대구역반도유보라센텀,대구광역시 서구 문화로 230,2024-07-26,채용시까지
(주)명성티엠에스*관리사무소직원 구인*,힐스테이트만촌엘퍼스트,대구시 수성구 달구벌대로 2564,2024-07-26,채용시까지
동우씨엠(주)관리과장 구인,복현3차서한이다음,대구시 북구 복현로 130,2024-07-26,2024-08-26
◈(주)한보주택관리◈전기과장 구인,금류강남타운1차,경상북도 고령군 다산면 상곡1길 15 (화원역 5분거리),2024-07-26,채용시까지
【상일종합관리】과장 구인,수성알파시티청아람,대구시 수성구 알파시티2로 96,2024-07-26,채용시까지
[명성티엠에스]관리소장,범어센트럴푸르지오 오피스텔 상가,대구시 수성구 상록로 15,2024-07-26,채용시까지
【상일종합관리】관리과장 구인,한신더휴이스턴팰리스,대구광역시 북구 매전로4길 31,2024-07-25,채용시까지
(주)목성엔지니어링**목성 대곡역화성파크드림 기전과장 구인공고**,대곡역화성파크드림,대구 달서구 달서대로 41,2024-07-25,2024-07-31
[명성티엠에스]기전주임 1명 구인,힐스테이트앞산센트럴 아파트,대구시 남구 대덕로 162,2024-07-25,채용시까지
(주)아스타아이비에스전기과장,달서SK뷰,대구시 달서구 용산로40,2024-07-24,채용시까지
청하종합관리(주)기전과장,불로서한이다음,대구시 동구 공항로 148,2024-07-24,채용시까지
【상일종합관리】과장 구인,경산하양코아루1차,경북 경산시 하양로37길 17,2024-07-24,채용시까지
자치관리관리(전기)과장,대곡사계절타운,대구시 달서구 한실로117 대곡사계절타운,2024-07-24,채용시까지
『 (주)굿모닝이엔씨 』기전과장,동대구역엘크루 더 센트럴,대구 동구 신암남로 111,2024-07-24,채용시까지
『 (주) 굿모닝이엔씨 』기전과장,안심청아람 더 영,대구 동구 율암동 1294,2024-07-24,채용시까지
(주)휴먼피플경산지역 아파트 전기과장 구인,경산지역 아파트,경북 경산시,2024-07-24,채용시까지
★(주)맨투맨써비스★ 해링턴플레이스동대구 시설주임 모집,해링턴플레이스동대구,대구광역시 동구 경대로 126 (신암동),2024-07-24,채용시까지
(주)한국티씨엠특급소방안전관리자,만촌월드메르디앙,수성구 만촌동,2024-07-24,채용시까지
【상일종합관리】과장 구인,서대구역서한이다음더퍼스트,대구 서구 국채보상로37길38,2024-07-24,2024-08-09
(주)케이비아주조경주임 채용,대구월배2차IPARK/(주)케이비아주,대구광역시 달서구 월배로 5길 76,2024-07-24,채용시까지
『 (주)굿모닝이엔씨 』기전주임(기계초급),더샵수성라크에르,대구 수성구 지산로3길 33,2024-07-24,채용시까지
『 (주)굿모닝이엔씨 』기전과장,달서구 소재 【과장】구인,대구 달서구,2024-07-24,채용시까지
『 (주)굿모닝이엔씨 』【재공고】 기전과장,월성서한이다음,대구 달서구 학산로 15,2024-07-24,채용시까지
(주)명성티엠에스입주아파트 전기과장 구인,만촌역태왕디아너스,대구 수성구 만촌동 1041-1번지,2024-07-23,채용시까지
전기과장,아름다운나날2단지,대구시 동구 동호로 88,2024-07-23,2024-08-04
【상일종합관리】과장 구인,쌍용더플래티넘범어,대구시 수성구 상록로 25,2024-07-23,채용시까지
시설주임(기관주임),수성보성타운,대구 수성구 수성로 412,2024-07-23,2024-07-31
(주)광명티엠씨전기과장 긴급 구인,영남네오빌,대구시 동구 동촌로 190,2024-07-23,채용시까지
(주)광명티엠씨전기과장 긴급 구인,태왕아너스스카이,대구시 중구 달구벌대로 1975,2024-07-23,채용시까지
(주)광명티엠씨전기과장 긴급 구인,경산귀빈타운,경산시 대학로 12길 24,2024-07-23,채용시까지
-,,,2024-07-23,2024-07-30
코원(주)상근 경비지도사 1명 구인합니다.,코원(주),"대구광역시 북구 동북로 117 , 1402호",2024-07-23,채용시까지
[명성티엠에스]기전주임 구인,대구역 제일풍경채위너스카이,대구 중구 수창동 50-10번지,2024-07-23,채용시까지
자치관리전기과장 채용,경산사동2차부영아파트,경산시 장산로 319번지 (사동650-1),2024-07-23,채용시까지
【상일종합관리】과장,테크노폴리스예미지더센트럴,대구시 달성군 유가읍 테크노북로260,2024-07-23,채용시까지
【상일종합관리】과장구인,국가산단줌파크,대구광역시 달성군 국가산단대로64길 63,2024-07-23,채용시까지
(주)명성티엠에스전기과장 구인공고,청라힐지웰더센트로,대구 중구 대신동 103-9번지,2024-07-22,채용시까지
기전과장,청운맨션(자치관리),대구시 중구 동덕로 33,2024-07-22,2024-07-26
【상일종합관리】과장 구인,혁신LH4단지,대구광역시 동구 경안로 956,2024-07-22,채용시까지
"★(주)맨투맨써비스★ 더샵수성오클레어아파트 전기과장, 시설기사 모집",더샵수성오클레어,대구시 수성구 희망로19길 29,2024-07-22,채용시까지
◈(주)한보주택관리◈전기과장 구인,대곡한라하우젠트,대구시 달서구 비슬로 2724,2024-07-22,채용시까지
【상일종합관리】과장 구인,율하리버파크,대구광역시 동구 율하동로 19,2024-07-22,채용시까지
관리과장,영남네오빌파크,대구광역시 달서구 한들로 36 (장기동),2024-07-22,채용시까지
(주)목성엔지니어링**목성 죽곡청아람리슈빌4단지 기전과장 구인공고**,죽곡청아람리슈빌4단지,대구광역시 달성군 다사읍 대실역남로 35,2024-07-22,2024-07-29
상가 기전과장 구인,월드마크상가,"대구 달서구 와룡로 169, 판매시설동 106동 b1층",2024-07-22,2024-08-15
(주)명성티엠에스OP상가 관리소장님 구인,범어센트럴푸르지오OP상가,대구시 수성구 상록로 15,2024-07-22,채용시까지
동우씨엠(주)전기과장,신당한화꿈에그린,대구시 달서구 달서대로 719,2024-07-22,채용시까지
(주)동우라이프산업전기과장  구인,봉덕화성파크드림,남구 대봉로 14길 30,2024-07-19,채용시까지
(주)명성티엠에스상가 관리소장님 구인,만촌역태왕디아너스애비뉴,대구시 수성구 만촌동 1041-1번지 일원,2024-07-19,채용시까지
전기과장 구함,범물우방미진하이츠,대구시 수성구 지범로 290,2024-07-19,2024-08-19
(주)이오티앤디기전기사 1명/조경주임 1명,중흥s-클래스 포디움,대구시 달성군 유가읍 테크노순환로 423,2024-07-19,채용시까지
★(주)맨투맨써비스★ 해링턴플레이스동대구 시설주임 모집,해링턴플레이스동대구,대구광역시 동구 경대로 126 (신암동),2024-07-19,채용시까지
자치관리기전주임,월성청구타운,"달서구 학산로2길 24 (월성동,청구타운)",2024-07-19,2024-07-31
(주)대호안전관리공사관리과장,연경숲아파트,대구광역시 북구 연경중앙로 55,2024-07-18,채용시까지
세화종합관리(주)관리주임 구인,수목원호정포레스트 아파트,대구광역시 달서구 갈밭남로 17 (대곡동 1103),2024-07-18,2024-07-19
【상일종합관리】과장구인,테크노폴리스남해오네뜨2차,대구광역시 달성군 유가읍 테크노대로5길 57,2024-07-18,채용시까지
(주)목성엔지니어링**목성 대곡역화성파크드림 기전과장 구인공고**,대곡역화성파크드림,대구 달서구 달서대로 41,2024-07-18,2024-07-25
【상일종합관리】과장 구인(긴급!!),중방e편한세상2단지,경북 경산시 대학로 28길 31,2024-07-18,2024-08-04
기전과장,대평그린빌,경산시 경안로69길 12  대평그린빌   관리소내,2024-07-18,채용시까지
『 (주)굿모닝이엔씨 』기전과장,안심청아람 더 영 / 동대구역 엘크루 더센트럴(격일),대구 동구 율암동 1294/대구 동구 신암남로 111,2024-07-18,채용시까지
전기과장 구인,칠곡한신아파트,대구광역시 북구 관음로 50,2024-07-17,채용시까지
한보주택관리전기과장 구인,영천인터불고코아루,경상북도 영천시 창신1길 42,2024-07-17,채용시까지
에이비씨서비스시설주임,매천센트럴파크,대구 북구 매전로 4길9(매천동),2024-07-17,채용시까지
『 (주)굿모닝이엔씨 』관리대리(주간),국가산단 모아미래도 에듀퍼스트,대구 달성군 구지면 국가산단대로 70길 42,2024-07-17,채용시까지
【상일종합관리】과장,세천한라비발디,대구 달성군 다사읍 세천로 187,2024-07-17,채용시까지
【상일종합관리】과장,테크노폴리스예미지더센트럴,대구시 달성군 유가읍 테크노북로260,2024-07-17,채용시까지
【상일종합관리】과장 구인,서대구역서한이다음더퍼스트,대구 서구 국채보상로37길38,2024-07-16,2024-07-31
영선주임,시영내당아파트,대구 서구 서대구로8길 15 (내당동),2024-07-16,2024-07-31
-,,,2024-07-16,2024-07-24
[명성티엠에스]기전주임 구인,대구역 제일풍경채위너스카이,대구 중구 수창동 50-10번지,2024-07-16,채용시까지
【상일종합관리】시설계장 구인,대명역센트럴엘리프,대구광역시 남구 대명로14길 60,2024-07-16,채용시까지
【상일종합관리】과장 구인,하양제일풍경채,경북 경산시 하양읍 서사도리로 11,2024-07-16,채용시까지
【상일종합관리】관리과장 구인,한신더휴이스턴팰리스,대구광역시 북구 매전로4길 31,2024-07-16,채용시까지
【상일종합관리】과장 구인,율하리버파크,대구광역시 동구 율하동로 19,2024-07-16,채용시까지
나라솔루션기전주임 구인공고(기계중급),죽전역헤링턴플레이스더원,대구시 달서구,2024-07-16,채용시까지
★(주)맨투맨써비스★ 해링턴플레이스동대구 시설주임 모집,해링턴플레이스동대구,대구광역시 동구 경대로 126 (신암동),2024-07-16,채용시까지
동우씨엠(주)전기과장(기계설비유지관리자),신서신일해피트리,대구시 동구 반야월로 370,2024-07-16,채용시까지
『 굿모닝이엔씨 』기전주임(기계초급),더샵수성라크에르,대구 수성구 지산로3길 33,2024-07-15,채용시까지
나라솔루션전기과장 구인공고,수성뷰웰리버파크,대구 수성구,2024-07-15,채용시까지
【상일종합관리】과장 구인,경산하양코아루1차,경북 경산시 하양로37길 17,2024-07-15,2024-07-31
(주)성우씨엠전기안전관리자 겸직 소장(입주) 및 시설주임,블루핀 임당제니스 오피스텔,"경북 경산시 계양동 724, 725번지",2024-07-15,채용시까지
한국티씨엠전기과장,성암보국웰리치,경산시 옥산동,2024-07-15,채용시까지
동우씨엠시설과장 구인,동우/빌리브프리미어,대구시 중구 공평로6,2024-07-15,채용시까지
상가 기전과장 모집,월드마크상가,대구 달서구 와룡로 169 판매시설동 상가관리사무소,2024-07-15,2024-07-31
동우씨엠시설과장 구인,동우/동대구역화성파크드림,대구시 동구 동대구로 590,2024-07-12,2024-07-26
(주)대현프리몰시설팀장 채용합니다.(특급소방안전관리자 자격 필수),해운대 중동스위첸,부산 해운대 중동스위첸 오피스텔,2024-07-12,채용시까지
『 굿모닝이엔씨 』【재공고】 기전과장(격일),동대구역 엘크루 더센트럴,대구 동구 신암남로 111,2024-07-12,채용시까지
【상일종합관리】과장구인,국가산단줌파크,대구광역시 달성군 국가산단대로64길 63,2024-07-12,채용시까지
[나라솔루션]기전주임 구인공고,경산임당호반베르디움,경북 경산시,2024-07-12,채용시까지
시지4차 태왕레전드-관리과장,시지4차 태왕레전드,대구광역시 수성구 욱수천로 27,2024-07-11,채용시까지
기전주임,다산월드메르디앙아파트,경북 고령군 다산면 좌학길 85,2024-07-11,채용시까지
한보주택관리[★긴급★]강북2차화성파크드림와이드 관리과장구인,강북2차화성파크드림와이드,대구 북구 태전로3길 24,2024-07-11,채용시까지
"청하종합개발(주)기전주임, 경리계장",오페라트루엘시민의숲,대구시 북구 고성북로 34,2024-07-11,채용시까지
(주)목성엔지니어링**목성 대곡역화성파크드림 시설기사 구인공고**,대곡역화성파크드림,대구광역시 달서구 달서대로 41,2024-07-11,2024-07-17
기전주임(전기과장),장원맨션아파트,대구광역시 수성구 청호로 370(범어동),2024-07-11,채용시까지
동우씨엠시설과장,이시아폴리스더샵4차,대구광역시 동구 팔공로 53길 40,2024-07-11,채용시까지
【상일종합관리】과장 구인,힐스테이트황금동,대구시 수성구 청수로 222,2024-07-11,2024-07-27
관리(전기)과장,대곡사계절타운,"대구광역시 달서구 한실로 117 (도원동, 대곡사계절타운)",2024-07-11,채용시까지
(주)동우씨엠전기과장(시설책임),교대역월드메르디앙,대구시 남구 이천로 19길 68,2024-07-10,채용시까지
『 굿모닝이엔씨 』【재공고】 기전과장,월성서한이다음,대구 달서구 학산로 15,2024-07-10,채용시까지
【상일종합관리】과장 구인(긴급),세천한라비발디,대구 달성군 다사읍 세천로 187,2024-07-10,채용시까지
-,-,,2024-07-10,2024-07-17
【상일종합관리】과장 구인,옥포허브시티,대구광역시 달성군 옥포면 비슬로 1941,2024-07-10,채용시까지
[ 나라솔루션 ]전기 과장,힐스테이트감삼센트럴 / 호반써밋수성,대구시 달서구 감삼동 567-2번지 / 대구 수성구 두산동,2024-07-10,채용시까지
【상일】과장 구인(긴급!!),경산하양우미린,경북 경산시 하양읍 서사도리로70,2024-07-10,2024-07-21
【신규!!】 기전과장,안심청아람 더 영 / 『 굿모닝이엔씨 』,대구 동구 율암동 1294,2024-07-09,채용시까지
청하종합개발(주)기전기사,우방드림시티,대구시 달서구 장기로 242,2024-07-09,채용시까지
[명성티엠에스]기전주임,[명성] 힐스테이트도원센트럴,대구시 중구 도원동 3-11번지 일대,2024-07-09,채용시까지
【상일종합관리】과장 구인,테크노폴리스 예미지더센트럴,대구시 달성군 유가읍 테크노북로260,2024-07-09,채용시까지
시설과장 채용,죽곡삼정그린코아더베스트,대구광역시 달성군 다사읍 다사로 50,2024-07-09,채용시까지
기계유지관리자 보조,동원비즈플랫폼,대구시 달서구 성서로 329,2024-07-09,2024-07-26
-,,,2024-07-09,2024-07-15
기전과장,대평그린빌,관리소내,2024-07-09,채용시까지
【긴급!!】 기전과장,수성골드클래스더센텀 / 『 굿모닝이엔씨 』	총,대구광역시 수성구 수성로 185(중동),2024-07-09,채용시까지
(주)목성엔지니어링**반월당역서한포레스트 시설주임 구인공고**,반월당역서한포레스트,대구 중구 중앙대로 67길 11,2024-07-08,2024-07-15
기전과장,달서구 과장구인 / 『 굿모닝이엔씨 』,대구 달서구,2024-07-08,채용시까지
(주)굿모닝이엔씨기전과장,대곡9단지 아람마을,대구 달서구 한실로 30,2024-07-08,채용시까지
【상일】과장 구인,"월배태영데시앙, 혁신LH4단지",대구시 달서구 조암남로 123 / 	대구광역시 동구 경안로 956,2024-07-08,채용시까지
청하종합개발(주)기전주임,금호윤성모닝타운,경상북도 영천시 원제2길 16-8,2024-07-08,채용시까지
【상일】과장 구인,공작한양아파트,대구시광역 북구 구암로21길 38,2024-07-08,채용시까지
전기과장 구인,빌리브범어120,대구시 수성구 범어로20길 120,2024-07-08,채용시까지
【상일】과장 구인,달서코아루 더리브,대구 달서구 와룡로42번지 달서코아루 더리브,2024-07-08,채용시까지
**목성**죽곡하우젠트아너스빌 기전기사 구인공고,죽곡하우젠트아너스빌,대구광역시 달성군 왕선로 26,2024-07-08,2024-07-15
기전과장(시설팀장),수성 범어 더블유 / 『 굿모닝이엔씨 』,대구 수성구 범어동 193-14,2024-07-08,채용시까지
"[청하종합개발(주)]전기과장, 기전주임 구인공고",두산위브더제니스 센트럴 달서,대구시 달서구 본리동 360-3,2024-07-07,채용시까지
[재공고] 전기과장,범물우방미진하이츠,대구시 수성구 지범로 290,2024-07-05,2024-08-19
【긴급!!】시설주임,월성삼정그린코아에듀파크,대구광역시 달서구 월성동 100,2024-07-05,2024-07-12
전기과장,아름다운나날2단지,대구시 동구 동호로 88,2024-07-05,2024-07-17
[나라솔루션]전기과장 구인 공고,안심역서원프레시빌,대구 동구,2024-07-05,채용시까지
[나라솔루션]시설계장,한양수자인더팰리시티,대구광역시 달서구 월배로93서길 14,2024-07-05,채용시까지
【재공고】 기전과장,월성서한이다음 / 『 굿모닝이엔씨 』,대구 달서구 학산로 15,2024-07-04,채용시까지
【상일】과장 구인,성당포스코더샵,대구광역시 달서구 장기로 115,2024-07-04,채용시까지
청하기전기사,우방드림시티,대구시 달서구 장기로 242,2024-07-04,채용시까지
기전과장(관리과장 있음),센트럴파크대현 / 『 굿모닝이엔씨 』,대구광역시 북구 대현남로6길20,2024-07-04,2024-07-08
한국티씨엠전기과장,매호동서1차,수성구 신매동,2024-07-04,채용시까지
(추가모집)기전주임,장기파랑새마을,대구 달서구 한들로 70,2024-07-04,채용시까지
기전주임 구인,동우/복현화성타운,대구시 북구 복현로 173,2024-07-04,2024-07-11
【상일】과장 구인,율하리버파크,대구광역시 동구 율하동로 19,2024-07-03,채용시까지
전기과장겸 소장,반월당 아너스 제네스 타워,중구 중앙대로312,2024-07-03,채용시까지
전기과장 구인,범물우방미진하이츠,대구시 수성구 지범로 290,2024-07-03,2024-08-19
청하기전과장,불로서한이다음,대구시 동구 공항로 148,2024-07-03,채용시까지
(주)광명티엠씨전기과장 긴급 구인,영남네오빌,대구시 동구 동촌로 190,2024-07-03,채용시까지
(주)광명티엠씨전기과장 긴급 구인,태왕아너스스카이,대구시 중구 달구벌대로 1975,2024-07-03,채용시까지
**목성**수성엘코어하이엔드타워 관리소장 구인공고,수성엘코어하이엔드타워,대구시 수성구 지범로 170,2024-07-03,2024-07-08
전기과장님 모심,달서SK VIEW,대구광역시 달서구 용산로 40 (본리동) 달서SK뷰,2024-07-03,2025-03-15
**목성**대곡역화성파크드림 기전과장 구인공고,대곡역화성파크드림,대구 달서구 달서대로 41,2024-07-02,2024-07-09
시설(관리)과장 구인[★긴급재공고],수성레이크푸르지오,대구시 수성구 청수로 24길 91(두산동),2024-07-02,채용시까지
【상일】과장 구인,힐스테이트범어,대구시 수성구 범어로18길 22,2024-07-02,2024-07-21
【상일】과장 구인(긴급!!),경산부영조은마을,경북 경산시 경산로 21,2024-07-02,2024-07-21
시설주임,제림햇빛촌아파트,대구 동구 공항로52길 28,2024-07-02,채용시까지
동우씨엠(주)시설기사 채용,동우/팰리스부영2단지,경북 경산시 삼성현로 91길 10,2024-07-02,채용시까지
관리대리(주간),국가산단 모아미래도 에듀퍼스트 / 『 굿모닝이엔씨 』,대구 달성군 구지면 국가산단대로 70길 42,2024-07-02,채용시까지
[명성]입주아파트 전기과장구인,본문참고,,2024-07-02,채용시까지
-,,,2024-07-01,2024-07-08
동우/시설과장 채용,동우/죽곡삼정그린코아더베스트,대구 달성군 다사읍 다사로 50,2024-07-01,채용시까지
[나라솔루션(주)] 전기과장 / 기전주임 채용공고!!!,빌리브파크뷰/달성우신미가뷰,대구 달서구 / 달성군,2024-07-01,채용시까지
【상일】 과장 구인,수성더팰리스푸르지오더샵,대구시 수성구 파동로 188,2024-07-01,채용시까지
[나라솔루션] 전기과장 구인공고,대구 중구 소재 / 경북 경산 소재,대구 중구 / 경북 경산,2024-07-01,채용시까지
"[나라솔루션] 전기과장, 기전주임 구인공고",월배삼정그린코아포레스트,대구 달서구,2024-07-01,채용시까지
시설주임(기계유지 초급 또는 보조),동원비즈플랫폼,대구시 달서구 성서로 329,2024-07-01,채용시까지
관리과장(전기과장),예다인아파트,경북 경산시 와촌면 금송로 325,2024-07-01,채용시까지
[나라솔루션] 전기과장 구인,안심역서원프레시빌,대구 동구,2024-07-01,채용시까지
기전과장(격일),동대구역 엘크루 더센트럴 / 『 굿모닝이엔씨 』,대구 동구 신암남로 111,2024-07-01,채용시까지
과장,시지4차 태왕레전드,대구광역시 수성구 욱수천로 27,2024-07-01,2024-07-10
【재공고】 시설계장,월배1차 아이파크 / 『 굿모닝이엔씨 』,대구 달서구 조암남로 182,2024-07-01,채용시까지
설비주임,지산화성맨션,대구광역시 수성구 용학로 35길62(지산동),2024-07-01,2024-07-04
청하/기전주임,두산위브더제니스센트럴달서,대구시 달서구 본리동 360-3,2024-07-01,채용시까지
기전과장(관리과장 있음),센트럴파크대현/『굿모닝이엔씨』,대구광역시 북구 대현남로6길20,2024-07-01,2024-07-08
3교대 기전기사,성서푸른마을,대구광역시 달서구 선원로137,2024-07-01,채용시까지
전기주임,장원맨션아파트,대구광역시 수성구 청호로 370(범어동),2024-06-28,채용시까지
소방과장,반월당 아너스제네스 타워,중구 중앙대로 312,2024-06-28,채용시까지
[명성]입주아파트 시설과장구인,만촌역태왕디아너스,대구 수성구 만촌동 1041-1번지 일원,2024-06-28,채용시까지
【상일】 과장 구인,혁신LH4단지,대구광역시 동구 경안로 956,2024-06-28,채용시까지
【상일】 시설과장 구인,월배태영데시앙,대구시 달서구 조암남로 123,2024-06-28,채용시까지
[긴급] 특급소방안전관리자,동우 / 빌리브 프리미어,대구시 중구 공평로 6,2024-06-28,채용시까지
시설주임,월성삼정그린코아에듀파크,대구광역시 달서구 월성로 100,2024-06-28,2024-07-03
긴급/전기과장[한국티씨엠],매호동서아파트,수성구 천을로 180,2024-06-28,채용시까지
시설주임 채용,동우/봉덕화성파크드림,대구광역시 남구 대봉로14길30,2024-06-28,채용시까지
[명성티엠에스] 기전주임 구인,힐스테이트도원센트럴 아파트,대구 중구 태평로 50,2024-06-28,채용시까지
전기과장,청운맨션(자치관리),대구시 중구 동덕로 33,2024-06-27,채용시까지
관리기사 (긴급),신천자이아파트,대구광역시 동구 신암로 16길 25,2024-06-27,채용시까지
【재공고】 기전과장,수성골드클래스더센텀 / 『 굿모닝이엔씨 』,대구광역시 수성구 수성로 185(중동),2024-06-27,채용시까지
【상일】 과장 구인,성당포스코더샵,대구광역시 달서구 장기로 115,2024-06-27,채용시까지
시설대리 모집,동대구해모로스퀘어이스트,대구광역시 동구 동북로 75길 13,2024-06-27,채용시까지
(((긴급))) 태전역광신프로그레스 시설주임 모집,태전역광신프로그레스,대구광역시 북구 태전로7길 34(태전동),2024-06-27,채용시까지
시설과장님 모집합니다. (전기선임),하양파인앤유더퍼스트/(주)청풍,경북 경산시 하양읍 지식산업로 4길 8,2024-06-27,채용시까지
한국티씨엠/전기과장,수성구 일원,수성구 일원,2024-06-27,채용시까지
(주)휴먼피플/영천주공3차 시설주임 모집.,영천 주공3차,경상북도 영천시 야사동 120,2024-06-26,채용시까지
관리(전기)과장,칠곡부영5단지 / 『 굿모닝이엔씨 』,대구 북구 대천로 132,2024-06-26,채용시까지
[긴급] 시설과장 / 시설주임,동우 / 빌리브 프리미어,대구시 중구 공평로 6,2024-06-26,채용시까지
★(주)맨투맨써비스★ 해링턴플레이스동대구 시설주임 모집,해링턴플레이스동대구,대구광역시 동구 경대로 126 (신암동),2024-06-26,채용시까지
(주)광명티엠씨 / 전기과장 긴급 구인,영남네오빌,대구시 동구 동촌로 190,2024-06-26,채용시까지
전기과장(격일),신대부적 2차 부영아파트 / 『 굿모닝이엔씨 』,경북 경산시 압량읍 압독2로 59,2024-06-26,2024-07-12
한보/강북2차화성파크드림와이드 관리과장(긴급),강북2차화성파크드림와이드,대구 북구 태전로3길 24,2024-06-26,채용시까지
【상일】 과장 구인(긴급!!),경산하양우미린,경북 경산시 하양읍 서사도리로70,2024-06-26,2024-07-06
시설과장 구인,동우/래미안웰리스트,대구 남구 효성중앙길 82,2024-06-26,채용시까지
시설대리 구인,대실역동화아이위시,대구시 달성군 다사읍 대실역북로 55,2024-06-26,채용시까지
【상일】 계장 구인(기계설비유지관리자-중급),칠곡동화골든빌,대구광역시 북구 동천로 156,2024-06-26,채용시까지
한보 / 전기과장 구인,대구혁신LH천년나무3단지,대구시 동구 과학로13길 30,2024-06-25,채용시까지
[나라솔루션] 기전주임 구인,달성군 소재 아파트,대구시 달성군,2024-06-25,채용시까지
기전과장,월성서한이다음 / 『 굿모닝이엔씨 』,대구 달서구 학산로 15,2024-06-25,채용시까지
【상일】 계장 구인(긴급!!),이앤씨이노비즈타워,대구광역시 달서구 달서대로 559,2024-06-25,2024-07-13
【상일】 과장 구인(긴급!!),경산부영조은마을,경북 경산시 경산로 21,2024-06-25,2024-07-07
-,,,2024-06-25,2024-06-30
관리대리,국가산단 모아미래도 에듀퍼스트 / 『 굿모닝이엔씨 』,대구 달성군 구지면 국가산단대로 70길 42,2024-06-25,채용시까지
기전주임,수성골드클래스더센텀  / 『 굿모닝이엔씨 』,대구광역시 수성구 수성로 185(중동),2024-06-25,채용시까지
기전주임,장원맨션아파트,대구광역시수성구 청호로 370(범어동),2024-06-24,채용시까지
시설관리 직원 채용,산업용재관,대구광역시 북구 유통단지로 16 지원동 B1 조합사무실,2024-06-24,채용시까지
시설계장,월배1차 아이파크 / 『 굿모닝이엔씨 』,대구 달서구 조암남로 182,2024-06-24,채용시까지
** 목성** 성서7주공 전기주임 구인공고,성서주공7단지,대구광역시 달서구 성지로 35,2024-06-24,2024-07-02
[명성]입주아파트 관리소장 및 직원 공고,만촌역태왕디아너스,대구 수성구 만촌동 1041-1번지 일원,2024-06-24,채용시까지
[명성]관리사무소직원 구,동대구역푸르지오브리센트,대구 동구 효목동 430-4번지 일원,2024-06-24,채용시까지
